customer_id,first_name,last_name,gender,email,phone,city,state,country,signup_date
1,Jeffrey,Hopkins,Male,jeffrey.hopkins@gmail.com,8772272699,North James,Michigan,USA,2023-10-28
2,Christine,Benitez,Male,christine.benitez@gmail.com,9837283482,East Noahhaven,Connecticut,USA,2024-01-22
3,Andrea,Stephens,Female,andrea.stephens@gmail.com,7299133549,North Kelly,Georgia,USA,2026-02-15
4,Linda,Daniels,Female,linda.daniels@gmail.com,4737754467,Parkerside,Oregon,USA,2022-10-15
5,Paul,Jackson,Female,paul.jackson@gmail.com,4739107414,Lake Sethtown,Kansas,USA,2025-12-05
6,Gerald,Olsen,Female,gerald.olsen@gmail.com,5482691183,Scottstad,South Dakota,USA,2023-11-08
7,Sara,Green,Female,sara.green@gmail.com,0014939552,Lake Jeffrey,Nevada,USA,2021-09-06
8,Gabrielle,Bruce,Male,gabrielle.bruce@gmail.com,8432815269,Gregoryburgh,Ohio,USA,2024-01-07
9,Linda,Rojas,Male,linda.rojas@gmail.com,1588923660,Parkermouth,Mississippi,USA,2024-12-15
10,Philip,Schroeder,Male,philip.schroeder@gmail.com,1546081819,Adamfurt,Louisiana,USA,2024-12-10
11,Brandon,Smith,Female,brandon.smith@gmail.com,3791582517,Melissaside,Wisconsin,USA,2022-05-08
12,Leslie,Gaines,Male,leslie.gaines@gmail.com,4161596936,North Mary,Tennessee,USA,2025-04-09
13,Beverly,Wilson,Male,beverly.wilson@gmail.com,0222905569,East Patrickberg,Texas,USA,2022-02-02
14,Nicole,Anderson,Male,nicole.anderson@gmail.com,7224928565,West Walter,New Mexico,USA,2022-03-13
15,Timothy,Perez,Male,timothy.perez@gmail.com,1855317998,Alvarezmouth,Kentucky,USA,2025-02-04
16,Gabrielle,Powell,Male,gabrielle.powell@gmail.com,8861568207,South Thomas,Rhode Island,USA,2025-02-02
17,Carol,Johnson,Male,carol.johnson@gmail.com,6092101133,Port Brianna,Missouri,USA,2026-05-10
18,Natalie,Spencer,Male,natalie.spencer@gmail.com,6021744527,Port Jimmy,Delaware,USA,2023-02-23
19,Natalie,Turner,Male,natalie.turner@gmail.com,2966055237,South Nataliestad,Maine,USA,2026-01-10
20,Christine,Ewing,Male,christine.ewing@gmail.com,6421869234,Port Maureenland,New York,USA,2025-01-21
21,Bryan,Wood,Male,bryan.wood@gmail.com,8117858669,Crystalfort,Alabama,USA,2022-03-26
22,Vanessa,Peterson,Female,vanessa.peterson@gmail.com,7428827209,New Benjamin,Georgia,USA,2024-08-19
23,Nicholas,Khan,Female,nicholas.khan@gmail.com,9700678749,South Jennifer,Alaska,USA,2026-04-26
24,Ann,Lopez,Male,ann.lopez@gmail.com,8891030397,Davidton,Washington,USA,2022-07-28
25,Madeline,Gordon,Male,madeline.gordon@gmail.com,1463295483,New Sherry,Wyoming,USA,2024-05-11
26,Pamela,Moreno,Male,pamela.moreno@gmail.com,1817656551,New Lynnton,California,USA,2025-06-06
27,Mary,Miller,Female,mary.miller@gmail.com,9596084761,Stevenhaven,Montana,USA,2024-05-12
28,David,Elliott,Male,david.elliott@gmail.com,7466892869,East Josephport,New York,USA,2022-04-21
29,Christian,Carter,Female,christian.carter@gmail.com,1904429411,New Danielfort,Louisiana,USA,2023-10-27
30,Ashley,Sanders,Female,ashley.sanders@gmail.com,0636304777,Jennifertown,Missouri,USA,2025-04-29
31,Amber,Walton,Male,amber.walton@gmail.com,0994994222,Lake Loriport,Maryland,USA,2024-06-27
32,Tina,Hunter,Female,tina.hunter@gmail.com,2632665261,Ellisonburgh,Alaska,USA,2024-07-31
33,Jo,Cochran,Male,jo.cochran@gmail.com,6286141405,Michaelberg,Illinois,USA,2021-06-10
34,Melissa,Maldonado,Male,melissa.maldonado@gmail.com,8912575941,Markburgh,Alabama,USA,2025-10-16
35,Justin,Gutierrez,Male,justin.gutierrez@gmail.com,4477143501,North Melissahaven,Oregon,USA,2024-12-29
36,Anna,Parker,Male,anna.parker@gmail.com,3600620705,Thomasmouth,Tennessee,USA,2024-03-13
37,Maria,Bennett,Female,maria.bennett@gmail.com,0067305967,Harmonchester,Minnesota,USA,2023-01-26
38,Travis,Gilbert,Female,travis.gilbert@gmail.com,1434905408,West Nicoletown,Maine,USA,2025-10-30
39,Mia,Moore,Male,mia.moore@gmail.com,6839947242,Leeside,Oklahoma,USA,2025-05-25
40,Pam,Figueroa,Female,pam.figueroa@gmail.com,9116677271,Matthewton,South Carolina,USA,2021-07-26
41,Crystal,Williams,Male,crystal.williams@gmail.com,1748938648,Doylemouth,Alabama,USA,2023-04-23
42,Sarah,Smith,Male,sarah.smith@gmail.com,4603200824,Lindseymouth,Vermont,USA,2023-11-23
43,William,Webb,Male,william.webb@gmail.com,2760846483,Higginsfurt,Iowa,USA,2026-01-03
44,James,Clark,Male,james.clark@gmail.com,2564129377,Port Roberthaven,Ohio,USA,2021-08-29
45,Philip,Burnett,Male,philip.burnett@gmail.com,4709819070,East Jenniferchester,Vermont,USA,2026-05-16
46,Donna,Flores,Male,donna.flores@gmail.com,1162424718,North Jerrymouth,Rhode Island,USA,2025-12-07
47,Kayla,Fernandez,Female,kayla.fernandez@gmail.com,1110552436,East Lauren,Montana,USA,2025-12-10
48,Monica,Carroll,Male,monica.carroll@gmail.com,1194863291,West Sydney,New Mexico,USA,2021-07-02
49,Paul,Jacobs,Female,paul.jacobs@gmail.com,7228992461,Lake Robert,Illinois,USA,2022-03-27
50,Amber,Ball,Female,amber.ball@gmail.com,6338011807,Foleyview,California,USA,2021-11-27
51,Thomas,Chen,Female,thomas.chen@gmail.com,6885694445,Fieldsfort,Idaho,USA,2024-10-02
52,Rodney,Acosta,Male,rodney.acosta@gmail.com,3238147453,Woodfurt,Michigan,USA,2023-06-11
53,Michael,Howell,Male,michael.howell@gmail.com,4370607921,Faulknerfort,California,USA,2024-09-04
54,Lisa,Velez,Male,lisa.velez@gmail.com,0772521431,West Rebecca,California,USA,2021-08-24
55,Kimberly,Lewis,Female,kimberly.lewis@gmail.com,4240341387,Lake Sharonfort,Colorado,USA,2026-02-18
56,Ryan,Lewis,Male,ryan.lewis@gmail.com,3444787020,East Miguelside,Alaska,USA,2022-12-20
57,Amber,Brady,Male,amber.brady@gmail.com,3696938824,New Kayla,New Hampshire,USA,2023-02-19
58,Jeffrey,Morris,Male,jeffrey.morris@gmail.com,1776580589,Brewermouth,South Dakota,USA,2021-08-27
59,Mark,Moran,Female,mark.moran@gmail.com,4680200800,Port Maureen,Idaho,USA,2025-07-19
60,Christopher,Lowe,Female,christopher.lowe@gmail.com,2073663262,Michellemouth,Illinois,USA,2022-05-07
61,Alexander,Lowe,Female,alexander.lowe@gmail.com,4460446538,Hicksstad,Kentucky,USA,2025-08-06
62,Pamela,Harris,Female,pamela.harris@gmail.com,7413386137,East Alexisbury,Colorado,USA,2024-10-09
63,Vernon,Simon,Female,vernon.simon@gmail.com,9127697138,West Lauren,North Carolina,USA,2023-03-18
64,Stacey,Thomas,Female,stacey.thomas@gmail.com,9731421889,South Nathaniel,Illinois,USA,2025-07-18
65,Jessica,Hartman,Female,jessica.hartman@gmail.com,2534270381,North Kellyberg,Wisconsin,USA,2022-12-22
66,Stephen,Middleton,Male,stephen.middleton@gmail.com,6582411848,New Robert,Wyoming,USA,2024-02-07
67,Ryan,Black,Female,ryan.black@gmail.com,6717626799,North Elizabeth,Maine,USA,2023-12-01
68,Sarah,Cohen,Male,sarah.cohen@gmail.com,2757788986,West William,Louisiana,USA,2025-05-06
69,Jessica,Rodriguez,Female,jessica.rodriguez@gmail.com,3003748688,Dunlaptown,Mississippi,USA,2025-10-30
70,Dawn,Perez,Male,dawn.perez@gmail.com,6203239544,Goodmanhaven,Utah,USA,2021-11-29
71,Emily,Santos,Male,emily.santos@gmail.com,3606865913,South Sandra,Alabama,USA,2022-11-17
72,Shawn,Anderson,Male,shawn.anderson@gmail.com,8686396472,East Brandy,New York,USA,2022-08-12
73,Robert,Morgan,Female,robert.morgan@gmail.com,3205037981,Port Christianmouth,Washington,USA,2023-04-01
74,Jessica,Wilson,Female,jessica.wilson@gmail.com,6777606693,New Nicoleview,Nebraska,USA,2022-05-12
75,Kelly,Zimmerman,Male,kelly.zimmerman@gmail.com,3994801308,East Teresa,Ohio,USA,2025-04-16
76,Jeffrey,Howard,Male,jeffrey.howard@gmail.com,7521249386,Lake Brandy,Oregon,USA,2024-09-22
77,Sarah,Lambert,Male,sarah.lambert@gmail.com,0383789457,Lake Bobbyland,Utah,USA,2023-07-30
78,Kevin,Lopez,Female,kevin.lopez@gmail.com,7246492015,East Dana,Hawaii,USA,2023-07-31
79,Lisa,Gomez,Female,lisa.gomez@gmail.com,2967795273,North Monica,Montana,USA,2025-01-17
80,Tyler,Davis,Female,tyler.davis@gmail.com,6413754955,Woodsburgh,North Carolina,USA,2024-06-24
81,Olivia,Reyes,Male,olivia.reyes@gmail.com,6579056682,North Maureenton,New York,USA,2023-12-20
82,Thomas,Stone,Male,thomas.stone@gmail.com,6450316823,Coopermouth,New Hampshire,USA,2025-03-18
83,Derrick,Parker,Female,derrick.parker@gmail.com,6017717064,Port Vanessa,Georgia,USA,2026-03-22
84,Nancy,Espinoza,Female,nancy.espinoza@gmail.com,0264389431,Lake Kimburgh,Utah,USA,2024-11-05
85,Michael,Henderson,Female,michael.henderson@gmail.com,2392100657,Hendricksburgh,Texas,USA,2025-05-20
86,Catherine,Thompson,Female,catherine.thompson@gmail.com,7068492689,Ayalachester,Missouri,USA,2024-07-07
87,Brian,West,Male,brian.west@gmail.com,3330377201,Melissastad,Rhode Island,USA,2024-02-06
88,Miguel,Johnson,Female,miguel.johnson@gmail.com,8012613523,Lake Melissa,Pennsylvania,USA,2025-06-26
89,Madeline,Castro,Female,madeline.castro@gmail.com,4503060352,New Alexisborough,New Hampshire,USA,2024-02-09
90,Sean,Nelson,Male,sean.nelson@gmail.com,7232674713,Jasonbury,Louisiana,USA,2025-08-15
91,Michael,Gilbert,Male,michael.gilbert@gmail.com,5831212615,Lake Christina,Virginia,USA,2024-05-19
92,Michael,Miller,Male,michael.miller@gmail.com,2227906026,Stephenside,Kansas,USA,2025-01-13
93,Michael,Collier,Female,michael.collier@gmail.com,6668244791,East Marthabury,Colorado,USA,2025-11-27
94,Yvonne,Shields,Male,yvonne.shields@gmail.com,3345379186,Lake Joseshire,Rhode Island,USA,2025-05-06
95,Jeremy,Wright,Female,jeremy.wright@gmail.com,1649970556,Reedmouth,New Mexico,USA,2024-07-19
96,Kevin,Carpenter,Female,kevin.carpenter@gmail.com,8302671738,North Cathyborough,New Hampshire,USA,2025-11-18
97,Christopher,Santiago,Male,christopher.santiago@gmail.com,7430738034,Fostermouth,West Virginia,USA,2021-12-18
98,Chad,Harris,Male,chad.harris@gmail.com,0854902488,Lake Andrewfurt,North Dakota,USA,2025-05-05
99,Debra,Wilson,Female,debra.wilson@gmail.com,2342656067,Port Gregoryborough,Connecticut,USA,2024-06-28
100,Kevin,Bowen,Male,kevin.bowen@gmail.com,9084821217,Palmerland,Michigan,USA,2024-07-19
101,Rachel,Brady,Male,rachel.brady@gmail.com,0352815057,Sparksside,California,USA,2024-02-19
102,Daniel,Jacobs,Male,daniel.jacobs@gmail.com,8071317575,New Kyle,Delaware,USA,2023-11-12
103,Michael,Douglas,Female,michael.douglas@gmail.com,1217484454,Samuelville,Arizona,USA,2025-09-16
104,Jennifer,Santiago,Female,jennifer.santiago@gmail.com,7115509621,New Jasonborough,Wisconsin,USA,2025-06-16
105,Amanda,Burns,Female,amanda.burns@gmail.com,3129878388,South Heather,Iowa,USA,2025-05-24
106,Brenda,Parker,Male,brenda.parker@gmail.com,6281018117,New Melissa,Kansas,USA,2022-11-09
107,Brenda,Dorsey,Female,brenda.dorsey@gmail.com,0193673027,South Markport,Illinois,USA,2025-06-13
108,Amanda,Martinez,Male,amanda.martinez@gmail.com,1214519411,South Antoniobury,Idaho,USA,2025-06-28
109,James,Torres,Female,james.torres@gmail.com,0673060959,Brooketown,New Hampshire,USA,2026-03-14
110,Mark,Schneider,Female,mark.schneider@gmail.com,3715404425,Ashleyville,New Mexico,USA,2026-03-01
111,Kevin,Ewing,Male,kevin.ewing@gmail.com,4793773605,Robertport,Virginia,USA,2023-07-03
112,Lauren,Davis,Female,lauren.davis@gmail.com,3115919490,Davidsonburgh,Minnesota,USA,2021-10-29
113,Erica,Walker,Male,erica.walker@gmail.com,1220710814,West Tiffany,New York,USA,2024-07-01
114,Melissa,Beltran,Female,melissa.beltran@gmail.com,2997128829,East Sarah,Minnesota,USA,2025-12-25
115,Melissa,Graves,Male,melissa.graves@gmail.com,7569101724,Haydenview,Maine,USA,2025-01-14
116,Jacob,Gomez,Female,jacob.gomez@gmail.com,7355171655,Angelastad,Georgia,USA,2024-06-17
117,Kristen,Lane,Male,kristen.lane@gmail.com,5114553695,East Jennifer,Idaho,USA,2022-04-17
118,Felicia,Donovan,Female,felicia.donovan@gmail.com,0738268938,New Dennis,Illinois,USA,2024-08-30
119,Michael,Hall,Female,michael.hall@gmail.com,4774821979,New Jerry,Colorado,USA,2026-02-13
120,Jill,Castro,Male,jill.castro@gmail.com,6635036806,South Davidview,Alabama,USA,2025-01-19
121,Brandy,Dougherty,Male,brandy.dougherty@gmail.com,4133355250,West Vanessaport,Idaho,USA,2025-10-26
122,Scott,Chambers,Female,scott.chambers@gmail.com,5807337426,Kimberlychester,Georgia,USA,2026-05-19
123,Jacqueline,Smith,Female,jacqueline.smith@gmail.com,9917716418,Wolfebury,New York,USA,2025-10-21
124,Christine,Murray,Female,christine.murray@gmail.com,1784198398,East Annaberg,California,USA,2023-06-18
125,Sydney,Castro,Male,sydney.castro@gmail.com,4714963325,Lake Andrewbury,Maine,USA,2024-09-25
126,Isaiah,Wright,Female,isaiah.wright@gmail.com,1986041486,Veronicaside,Nebraska,USA,2025-07-23
127,Mariah,Brown,Male,mariah.brown@gmail.com,7438289738,Lanemouth,Kentucky,USA,2024-05-19
128,Lori,Hernandez,Male,lori.hernandez@gmail.com,4094031669,South Lindatown,Virginia,USA,2025-11-03
129,Francisco,Stewart,Female,francisco.stewart@gmail.com,4120007647,East Ebony,Florida,USA,2021-09-12
130,Ashley,Hahn,Female,ashley.hahn@gmail.com,0572507368,Mckenziechester,Florida,USA,2025-09-18
131,Timothy,Scott,Female,timothy.scott@gmail.com,6438739477,Mollymouth,North Carolina,USA,2025-12-22
132,Steven,Mcclure,Male,steven.mcclure@gmail.com,3456889855,Port Vincent,Illinois,USA,2022-08-07
133,Stephanie,Johnson,Male,stephanie.johnson@gmail.com,3839242833,Dianaborough,Wisconsin,USA,2025-01-04
134,Barbara,Bonilla,Female,barbara.bonilla@gmail.com,4621631261,Rollinsview,Mississippi,USA,2022-04-17
135,Brian,Lee,Male,brian.lee@gmail.com,6038113506,South Michaelburgh,Ohio,USA,2026-05-24
136,Jeffrey,Hoover,Female,jeffrey.hoover@gmail.com,9029767616,North Sharonborough,Virginia,USA,2023-02-25
137,Gregory,Fuller,Male,gregory.fuller@gmail.com,2936883165,Janicefort,California,USA,2021-07-29
138,Joseph,Mitchell,Female,joseph.mitchell@gmail.com,6873057468,Stephanieland,Utah,USA,2025-02-20
139,Colin,Carson,Female,colin.carson@gmail.com,9188775637,Jessicachester,North Carolina,USA,2024-05-15
140,Aaron,Cole,Female,aaron.cole@gmail.com,1210769933,Smithshire,Arizona,USA,2025-06-20
141,Penny,Edwards,Male,penny.edwards@gmail.com,8871355984,Ellisside,New York,USA,2024-07-16
142,Amanda,Montgomery,Male,amanda.montgomery@gmail.com,9074079033,Vanessamouth,Washington,USA,2024-12-07
143,Valerie,Jacobson,Male,valerie.jacobson@gmail.com,9569291919,Sheafurt,New Mexico,USA,2024-06-03
144,Ruth,Hill,Female,ruth.hill@gmail.com,7598106163,South Lauraview,Wyoming,USA,2022-05-12
145,Corey,Kelley,Male,corey.kelley@gmail.com,5655080215,New Catherine,Ohio,USA,2021-10-06
146,Molly,Carter,Female,molly.carter@gmail.com,1497633447,Nelsonburgh,New Mexico,USA,2025-12-23
147,Lauren,Bryant,Female,lauren.bryant@gmail.com,7188914936,Sarahchester,Rhode Island,USA,2023-11-22
148,Nancy,Brown,Female,nancy.brown@gmail.com,5269828518,Gabrielleborough,Arizona,USA,2026-03-02
149,Audrey,Lopez,Male,audrey.lopez@gmail.com,9600587879,Figueroaside,California,USA,2025-11-22
150,Regina,Bowman,Female,regina.bowman@gmail.com,6373366940,North Andrewberg,New Mexico,USA,2025-02-03
151,Justin,Curtis,Female,justin.curtis@gmail.com,8506491511,Nicholasburgh,Illinois,USA,2023-06-07
152,Patricia,Williams,Female,patricia.williams@gmail.com,8554412151,Lindatown,Michigan,USA,2021-06-20
153,Kimberly,Coleman,Male,kimberly.coleman@gmail.com,6893313341,Rosalesville,Hawaii,USA,2023-01-03
154,Gregory,Moore,Male,gregory.moore@gmail.com,2983417341,Lindseyborough,Vermont,USA,2021-08-31
155,Brian,Price,Male,brian.price@gmail.com,3458410817,West Sandra,Pennsylvania,USA,2023-02-07
156,Jennifer,Weaver,Male,jennifer.weaver@gmail.com,8267515963,Port James,Illinois,USA,2024-08-19
157,Mark,Austin,Female,mark.austin@gmail.com,3880399412,Lake Angela,Oregon,USA,2022-04-03
158,Joshua,Lee,Male,joshua.lee@gmail.com,2898991994,East Darrenton,New Hampshire,USA,2022-05-05
159,Sharon,Smith,Female,sharon.smith@gmail.com,2394007114,Jessicaborough,Mississippi,USA,2022-12-21
160,Kaitlyn,Pierce,Male,kaitlyn.pierce@gmail.com,3385981387,Porterhaven,Vermont,USA,2026-04-15
161,Johnny,Lambert,Female,johnny.lambert@gmail.com,9503925318,Ballfurt,Maine,USA,2025-12-01
162,Patricia,Ferguson,Male,patricia.ferguson@gmail.com,5821696109,East Tinamouth,California,USA,2022-11-28
163,Raven,Mueller,Female,raven.mueller@gmail.com,2425386569,Laurenberg,Massachusetts,USA,2026-05-17
164,Victor,Taylor,Female,victor.taylor@gmail.com,7297973251,Raymondstad,Alabama,USA,2023-03-24
165,Kristin,Tucker,Female,kristin.tucker@gmail.com,6315043665,Jameston,Utah,USA,2022-08-05
166,Andrew,Meadows,Male,andrew.meadows@gmail.com,8509280735,Rachelland,New Jersey,USA,2024-03-10
167,Kevin,Pacheco,Female,kevin.pacheco@gmail.com,2336468954,Singletonmouth,Arizona,USA,2024-07-10
168,Tammy,Garcia,Female,tammy.garcia@gmail.com,7337829251,Johnsonfurt,South Dakota,USA,2025-11-17
169,Jennifer,Waters,Male,jennifer.waters@gmail.com,2286499609,North Michaelside,North Dakota,USA,2021-08-13
170,Jasmine,Perez,Male,jasmine.perez@gmail.com,4194813323,Bowerschester,Louisiana,USA,2022-09-07
171,Dustin,Goodman,Female,dustin.goodman@gmail.com,6185378481,Smithburgh,Texas,USA,2022-04-07
172,Tami,Bond,Male,tami.bond@gmail.com,3515572012,Millerland,Pennsylvania,USA,2026-04-03
173,Amy,Lewis,Female,amy.lewis@gmail.com,4054755937,New Sue,Colorado,USA,2025-07-04
174,Ryan,Frost,Male,ryan.frost@gmail.com,6170423594,South Valerie,Arizona,USA,2026-02-20
175,Ryan,Vaughn,Male,ryan.vaughn@gmail.com,1781558040,North Donaldtown,South Dakota,USA,2024-08-05
176,James,Moore,Male,james.moore@gmail.com,7448158754,Port Amyburgh,New York,USA,2025-09-15
177,Susan,Brown,Female,susan.brown@gmail.com,6102798300,New Peter,Virginia,USA,2023-08-20
178,Renee,Garcia,Male,renee.garcia@gmail.com,2762734184,Jonathanstad,Florida,USA,2022-11-13
179,Philip,Shaw,Female,philip.shaw@gmail.com,8448863067,South John,Delaware,USA,2022-02-04
180,Megan,Singh,Male,megan.singh@gmail.com,5543491778,West Amanda,Arkansas,USA,2023-11-30
181,Jack,Rodriguez,Female,jack.rodriguez@gmail.com,5660505572,Johnton,Colorado,USA,2023-03-25
182,Eric,King,Male,eric.king@gmail.com,6853779259,Jonesbury,Alabama,USA,2024-07-25
183,Charles,Bartlett,Female,charles.bartlett@gmail.com,5206314866,Mooreton,South Dakota,USA,2023-07-12
184,John,Galloway,Female,john.galloway@gmail.com,1306964590,New Jeremy,Oregon,USA,2022-06-28
185,Natalie,Wilkinson,Male,natalie.wilkinson@gmail.com,8218623294,West Shannon,Colorado,USA,2025-04-29
186,Jeffrey,Nguyen,Male,jeffrey.nguyen@gmail.com,2128354628,North Rachaeltown,New Hampshire,USA,2021-12-23
187,Zachary,Lamb,Male,zachary.lamb@gmail.com,7584576984,Port Toddhaven,New Jersey,USA,2024-03-14
188,Jeffrey,Ortega,Male,jeffrey.ortega@gmail.com,1168202692,Lake Larry,Missouri,USA,2022-10-04
189,Shannon,Henderson,Male,shannon.henderson@gmail.com,8044507921,Lake Michaelfurt,Oregon,USA,2024-11-30
190,James,Campbell,Female,james.campbell@gmail.com,2049610797,Ashleyberg,Pennsylvania,USA,2023-11-01
191,Bradley,Davis,Male,bradley.davis@gmail.com,1928246865,Karentown,New York,USA,2025-10-22
192,Melissa,Washington,Female,melissa.washington@gmail.com,0956696176,West Mikeland,Tennessee,USA,2022-05-24
193,Keith,Logan,Female,keith.logan@gmail.com,9825140760,East Zachary,New Jersey,USA,2024-05-18
194,Bradley,Cross,Female,bradley.cross@gmail.com,0337730910,Mcfarlandland,Mississippi,USA,2025-06-15
195,Cassandra,Hall,Female,cassandra.hall@gmail.com,0027806730,Sharimouth,Connecticut,USA,2025-10-25
196,Rachel,Lopez,Female,rachel.lopez@gmail.com,9232390246,Lake Josephchester,Colorado,USA,2024-08-26
197,Gregory,Gonzales,Female,gregory.gonzales@gmail.com,2643267734,Richardtown,Wyoming,USA,2024-02-29
198,Dana,Curtis,Male,dana.curtis@gmail.com,0517264578,North Yvette,Wisconsin,USA,2023-05-23
199,Dustin,Beck,Male,dustin.beck@gmail.com,9446902120,Amandaland,South Carolina,USA,2023-05-06
200,David,Hinton,Female,david.hinton@gmail.com,9334352149,Lucasbury,Wisconsin,USA,2021-06-30
201,Kevin,Sosa,Female,kevin.sosa@gmail.com,1697343893,Garciafurt,Pennsylvania,USA,2022-07-10
202,Kimberly,Adkins,Female,kimberly.adkins@gmail.com,6116255760,Morenoside,Utah,USA,2023-01-21
203,Sabrina,Brock,Female,sabrina.brock@gmail.com,8016643118,South Louis,Pennsylvania,USA,2024-07-13
204,Craig,Fletcher,Female,craig.fletcher@gmail.com,4273536417,Lindaton,New Jersey,USA,2024-10-16
205,Taylor,James,Female,taylor.james@gmail.com,0688191125,Zimmermanshire,California,USA,2023-03-31
206,Ryan,Torres,Female,ryan.torres@gmail.com,2643014126,Ericabury,Wisconsin,USA,2022-05-16
207,Daniel,Lester,Female,daniel.lester@gmail.com,1523775055,Millermouth,Texas,USA,2022-02-04
208,Randall,Benton,Female,randall.benton@gmail.com,3811414388,Garciastad,New Jersey,USA,2022-06-13
209,Erica,Rodriguez,Male,erica.rodriguez@gmail.com,4191191308,East Nicholaston,Oregon,USA,2023-05-31
210,Timothy,Murray,Female,timothy.murray@gmail.com,3931497373,Williamshaven,Indiana,USA,2023-01-27
211,Laura,Holt,Female,laura.holt@gmail.com,3825054946,North Gregory,Massachusetts,USA,2023-12-29
212,Taylor,Richard,Female,taylor.richard@gmail.com,6385828292,Lake Jimmyshire,Tennessee,USA,2022-05-13
213,Daniel,Parker,Female,daniel.parker@gmail.com,3157972749,Lake Katherineport,Ohio,USA,2024-06-11
214,Teresa,Diaz,Female,teresa.diaz@gmail.com,0040865590,Port Ronaldburgh,Colorado,USA,2022-02-14
215,Kevin,Pearson,Male,kevin.pearson@gmail.com,3345022741,North Kimberlybury,California,USA,2024-02-17
216,Matthew,Taylor,Female,matthew.taylor@gmail.com,8352007502,Susanside,Alabama,USA,2025-10-30
217,Zachary,Griffin,Male,zachary.griffin@gmail.com,9611176753,West James,Kansas,USA,2024-12-01
218,Kimberly,Glass,Male,kimberly.glass@gmail.com,1247897236,North Lindachester,Iowa,USA,2023-11-02
219,William,Smith,Female,william.smith@gmail.com,6392444865,Alexanderstad,Montana,USA,2022-08-19
220,Paul,Cook,Female,paul.cook@gmail.com,0956206308,West Jenniferfort,Illinois,USA,2023-04-04
221,Justin,Brown,Female,justin.brown@gmail.com,6194806867,North Kelly,Texas,USA,2025-09-10
222,Richard,Buck,Male,richard.buck@gmail.com,9223958475,North Maureen,Texas,USA,2025-08-06
223,Jacob,West,Female,jacob.west@gmail.com,9010153121,Gibsontown,Nebraska,USA,2022-10-25
224,Sarah,Castaneda,Male,sarah.castaneda@gmail.com,7191829829,Schroederton,Rhode Island,USA,2022-06-09
225,Amber,Davis,Male,amber.davis@gmail.com,0361227255,Colontown,Connecticut,USA,2026-02-23
226,Jamie,Davis,Male,jamie.davis@gmail.com,2292125486,Port Alicia,West Virginia,USA,2023-06-18
227,Matthew,Schultz,Male,matthew.schultz@gmail.com,7434597887,South Bryanland,Virginia,USA,2025-04-22
228,Jessica,Ewing,Female,jessica.ewing@gmail.com,7689766612,West Crystalfort,North Dakota,USA,2024-02-26
229,Sarah,Mitchell,Male,sarah.mitchell@gmail.com,7711648611,Mcmillanfort,Pennsylvania,USA,2024-01-23
230,Kenneth,Moran,Male,kenneth.moran@gmail.com,9530319996,Anthonyberg,Ohio,USA,2021-10-01
231,Anthony,Moore,Male,anthony.moore@gmail.com,3372039608,East Jessica,South Dakota,USA,2025-05-09
232,Thomas,Dougherty,Female,thomas.dougherty@gmail.com,5152957854,Andrewshire,New York,USA,2021-07-30
233,Gabrielle,Sanders,Female,gabrielle.sanders@gmail.com,0015637310,South Tonyatown,Texas,USA,2021-08-17
234,Cassandra,Hughes,Female,cassandra.hughes@gmail.com,5829701718,North Sonia,Hawaii,USA,2022-08-01
235,Robert,Davis,Female,robert.davis@gmail.com,7687649511,Atkinsonhaven,Massachusetts,USA,2022-01-02
236,Paul,Klein,Male,paul.klein@gmail.com,5212450028,Freemanmouth,Texas,USA,2021-10-02
237,Sara,Kim,Male,sara.kim@gmail.com,1284754959,Leeton,Minnesota,USA,2026-03-14
238,Candice,Campbell,Female,candice.campbell@gmail.com,3400962879,Oconnorborough,South Dakota,USA,2022-04-08
239,Chloe,Baldwin,Female,chloe.baldwin@gmail.com,0774550976,South Ashleyview,Washington,USA,2022-07-01
240,Jason,Weeks,Female,jason.weeks@gmail.com,3233510037,Port Stephanie,Mississippi,USA,2022-11-23
241,Virginia,Bush,Female,virginia.bush@gmail.com,0822790860,Jayshire,Michigan,USA,2025-08-11
242,Melissa,Fletcher,Male,melissa.fletcher@gmail.com,6960003435,North Isabellafurt,New York,USA,2024-07-18
243,Thomas,Sharp,Female,thomas.sharp@gmail.com,8255498123,Duffyton,Wyoming,USA,2022-05-06
244,Laura,Wolf,Male,laura.wolf@gmail.com,7101387857,West Jillian,Montana,USA,2023-03-23
245,Andrew,Taylor,Female,andrew.taylor@gmail.com,9843942391,East Tanyaville,California,USA,2026-03-12
246,Ryan,Davis,Female,ryan.davis@gmail.com,6509214345,Port Karen,Oklahoma,USA,2023-09-18
247,Clarence,Peterson,Female,clarence.peterson@gmail.com,3611509828,Marksmouth,Colorado,USA,2022-08-05
248,Steven,Thompson,Female,steven.thompson@gmail.com,5262465828,Pachecostad,Connecticut,USA,2025-04-25
249,Brittney,Wiggins,Female,brittney.wiggins@gmail.com,7848952505,Port Gregory,Idaho,USA,2022-02-28
250,Jennifer,Kelly,Male,jennifer.kelly@gmail.com,4059053229,South Jamesview,Idaho,USA,2024-08-26
251,Shawn,Mccarthy,Male,shawn.mccarthy@gmail.com,8017448132,Port Angela,West Virginia,USA,2025-05-11
252,Jared,Brooks,Female,jared.brooks@gmail.com,3599200370,Lewisland,New Hampshire,USA,2024-09-13
253,Gabriel,West,Female,gabriel.west@gmail.com,9033903640,Martinezfurt,South Carolina,USA,2026-05-06
254,Emily,Parker,Male,emily.parker@gmail.com,9738645729,North Lisatown,Texas,USA,2022-02-10
255,Lee,Haynes,Male,lee.haynes@gmail.com,6889229675,North Brian,Kentucky,USA,2022-03-23
256,Jamie,Smith,Male,jamie.smith@gmail.com,3230998853,Kimberlyview,Montana,USA,2025-02-05
257,Amanda,Clark,Male,amanda.clark@gmail.com,7631301105,North Karenland,Kansas,USA,2024-08-24
258,Jennifer,Jennings,Male,jennifer.jennings@gmail.com,2744900419,North Robin,Wisconsin,USA,2023-02-11
259,Matthew,Smith,Male,matthew.smith@gmail.com,4540653968,Port Lindsayside,Florida,USA,2023-11-02
260,Benjamin,Bradley,Female,benjamin.bradley@gmail.com,6223274556,North Lauraton,Wisconsin,USA,2023-11-20
261,Kevin,Saunders,Male,kevin.saunders@gmail.com,8433714620,New Thomas,Idaho,USA,2026-02-22
262,Maria,Rogers,Male,maria.rogers@gmail.com,4095803821,Franciscoview,Massachusetts,USA,2026-02-17
263,Jerry,Williams,Male,jerry.williams@gmail.com,9441443557,West Jared,Alaska,USA,2023-01-06
264,Ariel,Hansen,Female,ariel.hansen@gmail.com,5878202225,Kimberlychester,Pennsylvania,USA,2023-11-02
265,Dana,Nash,Male,dana.nash@gmail.com,6513511337,Jonathanbury,Utah,USA,2026-05-24
266,Michael,Rodriguez,Female,michael.rodriguez@gmail.com,1115931230,Bennettbury,Washington,USA,2023-09-17
267,Carl,Robles,Male,carl.robles@gmail.com,2040138349,Stokesmouth,Tennessee,USA,2022-03-28
268,Brian,Bryant,Male,brian.bryant@gmail.com,9444771607,East Charlesfort,Indiana,USA,2023-10-12
269,Vincent,Wallace,Female,vincent.wallace@gmail.com,0497072029,East Melissa,Illinois,USA,2025-02-16
270,Valerie,Pennington,Male,valerie.pennington@gmail.com,3983968521,Melissachester,Oklahoma,USA,2024-09-27
271,Alexis,Owens,Male,alexis.owens@gmail.com,8394424933,Jarvisbury,Washington,USA,2025-05-08
272,Danny,Thompson,Female,danny.thompson@gmail.com,2102451938,Houstontown,Wisconsin,USA,2021-09-26
273,Elizabeth,Murphy,Female,elizabeth.murphy@gmail.com,8759201634,Thomasburgh,Connecticut,USA,2023-10-20
274,Angela,Perez,Male,angela.perez@gmail.com,3806603357,Lake Deborahview,Oklahoma,USA,2026-05-25
275,Timothy,Jones,Female,timothy.jones@gmail.com,6505704941,Jamesmouth,Kansas,USA,2021-07-23
276,Ashley,Clements,Female,ashley.clements@gmail.com,9250164616,Cookmouth,Vermont,USA,2023-03-21
277,Maria,Delgado,Female,maria.delgado@gmail.com,8109957804,Trujillofurt,Kansas,USA,2023-09-25
278,April,Gonzalez,Male,april.gonzalez@gmail.com,2545536348,Weaverberg,Utah,USA,2025-03-18
279,Robert,Murphy,Female,robert.murphy@gmail.com,7765852614,Damonstad,Idaho,USA,2025-11-12
280,Kim,Stone,Male,kim.stone@gmail.com,8500912839,South Erik,South Dakota,USA,2024-04-30
281,Amy,Williams,Male,amy.williams@gmail.com,4953128469,Markshaven,Kansas,USA,2021-07-12
282,Garrett,Gonzalez,Male,garrett.gonzalez@gmail.com,1782463149,Martinberg,West Virginia,USA,2024-01-15
283,Dale,Reese,Female,dale.reese@gmail.com,5676922973,South Tracey,Tennessee,USA,2024-06-12
284,Hannah,Gonzalez,Female,hannah.gonzalez@gmail.com,1554207986,West Anna,Kentucky,USA,2024-05-02
285,Melanie,Aguilar,Male,melanie.aguilar@gmail.com,8545982201,Walkerborough,Maryland,USA,2024-09-24
286,Alexander,Morgan,Female,alexander.morgan@gmail.com,5411367237,Sonyafort,Wisconsin,USA,2022-04-30
287,Joseph,Cruz,Male,joseph.cruz@gmail.com,5816666092,Lamborough,Arkansas,USA,2025-03-06
288,Oscar,Barrett,Female,oscar.barrett@gmail.com,2665772446,Port Laurenborough,Indiana,USA,2025-07-24
289,Adrian,Zhang,Female,adrian.zhang@gmail.com,6986267879,Port Timothychester,Alaska,USA,2024-02-22
290,Clifford,Mcdaniel,Male,clifford.mcdaniel@gmail.com,8330321244,Port Angela,Florida,USA,2022-01-20
291,Sharon,Ramirez,Female,sharon.ramirez@gmail.com,1491256564,South Allison,Hawaii,USA,2022-12-05
292,Andrew,Jenkins,Female,andrew.jenkins@gmail.com,7594414442,Markland,Missouri,USA,2026-02-20
293,Seth,Brown,Male,seth.brown@gmail.com,4709793443,Edwardsstad,Arkansas,USA,2024-03-06
294,Michael,Roberts,Female,michael.roberts@gmail.com,4810850593,Millerchester,North Dakota,USA,2024-07-29
295,Scott,Cooper,Female,scott.cooper@gmail.com,2252215847,North Meganfurt,Michigan,USA,2024-04-28
296,Adam,Hodge,Female,adam.hodge@gmail.com,7418235499,Cameronport,Michigan,USA,2023-08-26
297,Jeremy,Weber,Female,jeremy.weber@gmail.com,7856342933,Lake Matthew,Colorado,USA,2024-04-07
298,Fred,Marquez,Male,fred.marquez@gmail.com,3635622356,Thomasmouth,New Hampshire,USA,2023-08-24
299,Rachel,Lutz,Male,rachel.lutz@gmail.com,1500325821,New Nicole,Missouri,USA,2021-06-12
300,Christopher,Contreras,Female,christopher.contreras@gmail.com,8502401590,Port Robin,Mississippi,USA,2025-04-17
301,Robin,Harrington,Male,robin.harrington@gmail.com,7414251420,East Tina,Ohio,USA,2022-01-06
302,Sandra,Vang,Male,sandra.vang@gmail.com,9197172003,Smithchester,Connecticut,USA,2023-12-30
303,Leslie,Taylor,Female,leslie.taylor@gmail.com,6047103939,Darrelltown,Alaska,USA,2025-01-28
304,Justin,Stevenson,Female,justin.stevenson@gmail.com,4548663004,Mollyberg,Arizona,USA,2024-05-15
305,Vanessa,Jenkins,Male,vanessa.jenkins@gmail.com,3802316542,Port Aaronton,Ohio,USA,2023-12-31
306,Diana,Kennedy,Male,diana.kennedy@gmail.com,3950174245,Garrettmouth,Virginia,USA,2024-03-26
307,Sherry,Gillespie,Female,sherry.gillespie@gmail.com,2353025661,West Heatherfurt,Illinois,USA,2024-07-19
308,Sandra,Walker,Male,sandra.walker@gmail.com,0616530811,Davidville,Nebraska,USA,2023-05-22
309,Christopher,Rhodes,Female,christopher.rhodes@gmail.com,5887033865,Floreshaven,Connecticut,USA,2023-07-14
310,Alyssa,Weber,Female,alyssa.weber@gmail.com,7904268113,Leeview,West Virginia,USA,2025-11-14
311,Tracey,Martin,Male,tracey.martin@gmail.com,2793422940,West Meredith,Utah,USA,2024-05-07
312,Emily,Peterson,Female,emily.peterson@gmail.com,8324827931,West Terryside,Oregon,USA,2022-04-26
313,Douglas,Martin,Male,douglas.martin@gmail.com,5840390205,Crawfordstad,Louisiana,USA,2022-06-20
314,Kimberly,Espinoza,Male,kimberly.espinoza@gmail.com,8394252486,Odomview,Montana,USA,2021-07-07
315,Sharon,Perez,Male,sharon.perez@gmail.com,5610331457,Robinsonport,Ohio,USA,2026-04-12
316,Emily,Potter,Female,emily.potter@gmail.com,8324581711,East Debraland,Mississippi,USA,2024-11-07
317,Herbert,Lucas,Male,herbert.lucas@gmail.com,5684325960,Stephanieborough,Missouri,USA,2022-12-20
318,Christopher,Jones,Male,christopher.jones@gmail.com,2894318542,North Jessica,New Hampshire,USA,2023-10-07
319,Kenneth,Johnson,Female,kenneth.johnson@gmail.com,1144464732,Kathychester,Nevada,USA,2023-01-22
320,James,Valdez,Female,james.valdez@gmail.com,3365291771,New Tiffanychester,New Jersey,USA,2021-07-17
321,Holly,Barton,Female,holly.barton@gmail.com,6508318144,Kimberlyfurt,Oregon,USA,2025-06-08
322,Jamie,Robles,Female,jamie.robles@gmail.com,0874179952,Maryside,Tennessee,USA,2025-11-29
323,Zachary,Hubbard,Male,zachary.hubbard@gmail.com,9348733297,Port Terriland,Ohio,USA,2024-06-15
324,Jennifer,Smith,Female,jennifer.smith@gmail.com,7149790454,West Stephaniefurt,Arizona,USA,2022-03-21
325,Lee,Mueller,Male,lee.mueller@gmail.com,1161975869,East Greggside,Oregon,USA,2025-04-07
326,Lisa,Clark,Female,lisa.clark@gmail.com,8352678715,New Jennifer,Oregon,USA,2025-08-22
327,Brad,Fisher,Male,brad.fisher@gmail.com,5815434623,Stewartstad,Wisconsin,USA,2023-11-10
328,Curtis,Anderson,Female,curtis.anderson@gmail.com,2079042607,Port Elizabethtown,Missouri,USA,2023-02-05
329,Sarah,Bailey,Female,sarah.bailey@gmail.com,8241942108,Brownton,Alabama,USA,2022-05-21
330,Lisa,Green,Male,lisa.green@gmail.com,5156662410,Joshuabury,Washington,USA,2022-07-22
331,Wesley,Whitehead,Female,wesley.whitehead@gmail.com,8519655998,South Brianchester,Kansas,USA,2023-01-25
332,Jennifer,Wiggins,Female,jennifer.wiggins@gmail.com,9354009359,Barbarabury,Pennsylvania,USA,2026-03-20
333,Denise,Thomas,Male,denise.thomas@gmail.com,0759262847,North Jesse,Kentucky,USA,2022-09-30
334,Jose,Simmons,Male,jose.simmons@gmail.com,9719534481,West Michele,Missouri,USA,2025-09-17
335,Erin,Knight,Female,erin.knight@gmail.com,1333689059,Port Joseph,Oklahoma,USA,2023-10-29
336,Karen,Reyes,Female,karen.reyes@gmail.com,3227535024,New Marthabury,Mississippi,USA,2023-08-18
337,Julia,Green,Male,julia.green@gmail.com,0312058025,North Jason,Washington,USA,2023-08-12
338,Anthony,Sexton,Male,anthony.sexton@gmail.com,0915209542,Lake Annette,Nebraska,USA,2023-09-28
339,Tom,Campbell,Female,tom.campbell@gmail.com,0673939121,Wandaville,Virginia,USA,2023-04-27
340,Patricia,Hughes,Male,patricia.hughes@gmail.com,5049993403,Guerrerostad,North Dakota,USA,2025-06-18
341,Benjamin,Hernandez,Male,benjamin.hernandez@gmail.com,2098566813,West Audreyborough,Maryland,USA,2022-03-26
342,Gary,Kirk,Female,gary.kirk@gmail.com,8416851582,Bullockberg,Arkansas,USA,2023-08-24
343,Maria,Reed,Female,maria.reed@gmail.com,4849915031,Jennifermouth,Colorado,USA,2021-06-26
344,Natalie,Jenkins,Male,natalie.jenkins@gmail.com,2789427352,New Amy,Tennessee,USA,2024-07-29
345,Kristina,Miller,Male,kristina.miller@gmail.com,2945148502,Jenkinsburgh,North Carolina,USA,2022-04-21
346,Angela,Jacobs,Male,angela.jacobs@gmail.com,5911359969,Robinsonmouth,Louisiana,USA,2022-05-01
347,Courtney,Smith,Male,courtney.smith@gmail.com,2174697909,Donnafort,Minnesota,USA,2023-03-26
348,Jonathan,Bird,Female,jonathan.bird@gmail.com,2457713413,Larsonview,Wyoming,USA,2023-03-26
349,Amanda,Smith,Male,amanda.smith@gmail.com,2966406633,Rhodesburgh,Alaska,USA,2024-12-08
350,Lori,Stewart,Male,lori.stewart@gmail.com,3050956036,Rebeccachester,New Hampshire,USA,2023-08-29
351,William,Barnett,Female,william.barnett@gmail.com,6678802684,Phillipsview,Washington,USA,2023-01-01
352,Melissa,Mercer,Male,melissa.mercer@gmail.com,7265193004,Port Jennifer,Alaska,USA,2025-08-11
353,Michael,Mitchell,Male,michael.mitchell@gmail.com,2062722945,Sharpland,Kansas,USA,2025-11-01
354,Spencer,Ingram,Male,spencer.ingram@gmail.com,8903590172,Kelleystad,Wyoming,USA,2022-07-01
355,George,Davis,Female,george.davis@gmail.com,4078598807,New Julie,Iowa,USA,2025-09-28
356,Frank,Mack,Male,frank.mack@gmail.com,4241010674,Jasonbury,Washington,USA,2022-01-08
357,Samuel,Taylor,Female,samuel.taylor@gmail.com,7045394786,Roymouth,Vermont,USA,2023-03-06
358,Erik,Wilcox,Male,erik.wilcox@gmail.com,7896711096,Port Mary,Pennsylvania,USA,2022-12-26
359,Laura,Zimmerman,Female,laura.zimmerman@gmail.com,8175221925,North Edward,Virginia,USA,2025-04-07
360,Brent,Stanley,Female,brent.stanley@gmail.com,2163498017,West Danaview,Tennessee,USA,2025-07-27
361,Carolyn,Cole,Female,carolyn.cole@gmail.com,3223282823,South Tyler,South Dakota,USA,2022-04-06
362,Jimmy,Rowland,Female,jimmy.rowland@gmail.com,8854570896,West Aaron,Kansas,USA,2022-11-02
363,Thomas,Figueroa,Male,thomas.figueroa@gmail.com,2332114096,Parkershire,Minnesota,USA,2022-08-22
364,Nicole,Reed,Male,nicole.reed@gmail.com,5486066133,South Benjamin,Arkansas,USA,2023-10-31
365,Curtis,Wilson,Female,curtis.wilson@gmail.com,6023522059,Fisherchester,Wisconsin,USA,2024-02-07
366,Michael,Velasquez,Female,michael.velasquez@gmail.com,3150907429,Stevenport,Massachusetts,USA,2024-02-11
367,Morgan,Zavala,Female,morgan.zavala@gmail.com,8447602205,Stevenshaven,New Jersey,USA,2023-01-03
368,Brittany,Webster,Male,brittany.webster@gmail.com,9834100516,South Stevenfurt,Montana,USA,2022-07-31
369,Elizabeth,Evans,Female,elizabeth.evans@gmail.com,2815579244,North Natasha,Illinois,USA,2026-03-09
370,David,Sosa,Male,david.sosa@gmail.com,2267345823,Lauraport,Delaware,USA,2025-01-28
371,Rebecca,Smith,Female,rebecca.smith@gmail.com,4611339487,Bookerview,Kentucky,USA,2026-01-16
372,Cody,Henry,Male,cody.henry@gmail.com,4613557001,Cynthiaburgh,Delaware,USA,2024-05-03
373,Katie,Greer,Male,katie.greer@gmail.com,9137515242,West Brandon,Indiana,USA,2022-08-26
374,Alicia,Kramer,Female,alicia.kramer@gmail.com,2490673455,Thompsonland,Arkansas,USA,2024-04-01
375,Morgan,Williams,Female,morgan.williams@gmail.com,8962651007,Sandyhaven,Alabama,USA,2023-10-16
376,Michelle,Newman,Female,michelle.newman@gmail.com,2656780171,East William,West Virginia,USA,2024-07-28
377,Adrienne,Miller,Male,adrienne.miller@gmail.com,6100492506,East Danielshire,Utah,USA,2023-03-07
378,Debra,Jensen,Female,debra.jensen@gmail.com,8338006328,South Sarahview,North Carolina,USA,2021-11-18
379,Jonathan,Howard,Male,jonathan.howard@gmail.com,0537797781,Wandashire,Colorado,USA,2023-03-01
380,Amanda,Larsen,Male,amanda.larsen@gmail.com,4041922411,Thompsonville,Utah,USA,2023-01-20
381,Ashley,Tate,Female,ashley.tate@gmail.com,7955883730,North Stephanie,New Mexico,USA,2025-06-28
382,Bryce,Watson,Female,bryce.watson@gmail.com,6046517986,New Kimberlybury,Wisconsin,USA,2021-06-20
383,Rachel,Boyd,Female,rachel.boyd@gmail.com,9607787619,New Jessicaville,Arizona,USA,2021-09-09
384,Jason,Kim,Male,jason.kim@gmail.com,5571313808,Michelletown,New York,USA,2022-07-18
385,Emma,Watson,Male,emma.watson@gmail.com,9977055628,Pamelaville,Colorado,USA,2022-03-27
386,Kimberly,Goodwin,Female,kimberly.goodwin@gmail.com,1831744155,Brittanyberg,Maryland,USA,2025-02-27
387,Amy,Jarvis,Male,amy.jarvis@gmail.com,3237961385,Morenobury,South Dakota,USA,2021-11-26
388,Eric,Campbell,Male,eric.campbell@gmail.com,7741797957,Rogerschester,New Hampshire,USA,2023-09-25
389,Karl,Townsend,Male,karl.townsend@gmail.com,2027543476,Courtneyborough,Florida,USA,2021-11-21
390,William,Lee,Male,william.lee@gmail.com,2221481851,New Maryshire,Hawaii,USA,2025-04-07
391,William,Bray,Male,william.bray@gmail.com,2618248854,New Andrewshire,Nebraska,USA,2022-11-07
392,Christina,Ortiz,Female,christina.ortiz@gmail.com,3011557776,Pearsonton,South Dakota,USA,2021-09-10
393,Carrie,Barrett,Female,carrie.barrett@gmail.com,4775012142,New Joseph,Florida,USA,2023-01-06
394,Claudia,Stevens,Female,claudia.stevens@gmail.com,5670097697,Masonborough,Nevada,USA,2021-12-03
395,Derrick,Hunt,Male,derrick.hunt@gmail.com,1898930811,West Kimberlystad,Pennsylvania,USA,2026-03-16
396,Megan,Young,Female,megan.young@gmail.com,5058417848,Lake Reginaldland,Arkansas,USA,2023-09-01
397,Amanda,Love,Female,amanda.love@gmail.com,8562983098,Kevinport,Missouri,USA,2021-09-15
398,Cassandra,Alexander,Female,cassandra.alexander@gmail.com,1048925458,West Christina,New Jersey,USA,2023-06-27
399,Daniel,Green,Male,daniel.green@gmail.com,0694264227,Melindastad,Tennessee,USA,2025-07-12
400,Annette,Lindsey,Male,annette.lindsey@gmail.com,9143345253,Kellyborough,Alabama,USA,2023-06-25
401,Alexander,Mitchell,Male,alexander.mitchell@gmail.com,0616320307,Emilyfurt,Massachusetts,USA,2025-06-14
402,Daniel,Mendoza,Male,daniel.mendoza@gmail.com,5907134928,Ramosside,Washington,USA,2022-05-14
403,Christina,Lynch,Female,christina.lynch@gmail.com,4531394606,Rothton,Virginia,USA,2022-10-11
404,Laura,Collins,Male,laura.collins@gmail.com,7488667974,Terrymouth,Pennsylvania,USA,2025-06-01
405,Samuel,Navarro,Male,samuel.navarro@gmail.com,6824442307,Lake Jennifer,Connecticut,USA,2021-08-09
406,Hector,Marshall,Female,hector.marshall@gmail.com,4057414176,Andrewmouth,Alabama,USA,2021-07-20
407,Steven,Davis,Male,steven.davis@gmail.com,4811383675,Michaelchester,Louisiana,USA,2024-10-23
408,Elizabeth,Jacobs,Female,elizabeth.jacobs@gmail.com,7187509273,Smithtown,Wisconsin,USA,2026-03-27
409,James,Fox,Female,james.fox@gmail.com,1378946078,Patriciaburgh,Tennessee,USA,2023-06-17
410,Christine,Rodriguez,Female,christine.rodriguez@gmail.com,4078929903,Smithland,Indiana,USA,2025-12-23
411,Victoria,Smith,Female,victoria.smith@gmail.com,8777843955,Tateburgh,Utah,USA,2021-10-13
412,Mary,Gardner,Female,mary.gardner@gmail.com,6955548472,Reginaldtown,Delaware,USA,2024-11-25
413,Jaime,Fletcher,Male,jaime.fletcher@gmail.com,6284405674,New Kevinchester,Pennsylvania,USA,2023-09-16
414,Christine,Gonzales,Male,christine.gonzales@gmail.com,7660135891,Lewisburgh,Missouri,USA,2023-07-12
415,Katie,Blackwell,Female,katie.blackwell@gmail.com,8106482286,Port Matthewland,Idaho,USA,2022-03-21
416,William,Atkins,Female,william.atkins@gmail.com,7289260070,Rodriguezview,Massachusetts,USA,2026-04-30
417,Yvonne,Sanchez,Male,yvonne.sanchez@gmail.com,3975435081,Evelynshire,Colorado,USA,2024-09-20
418,Luis,Patterson,Male,luis.patterson@gmail.com,1619760706,Christophershire,Maryland,USA,2021-08-10
419,Eddie,Hunt,Male,eddie.hunt@gmail.com,7934161836,South Carmenfort,West Virginia,USA,2022-06-21
420,Eileen,Wiggins,Male,eileen.wiggins@gmail.com,6411977281,East Richard,New Mexico,USA,2022-04-06
421,David,Allison,Female,david.allison@gmail.com,2569454955,Chapmanport,Indiana,USA,2023-07-03
422,Barbara,Diaz,Female,barbara.diaz@gmail.com,9806699589,Kiarafort,Delaware,USA,2023-06-04
423,Ronald,King,Female,ronald.king@gmail.com,2145379074,Port Jamesland,Rhode Island,USA,2025-01-16
424,Matthew,Shepard,Male,matthew.shepard@gmail.com,9674188637,Jimenezside,West Virginia,USA,2025-03-21
425,Kelli,Harris,Male,kelli.harris@gmail.com,4044592977,West Michael,Kentucky,USA,2022-04-01
426,Jennifer,Adams,Female,jennifer.adams@gmail.com,7261282612,Rivasbury,Tennessee,USA,2025-11-29
427,Lisa,Welch,Female,lisa.welch@gmail.com,0688296775,Port Michael,Illinois,USA,2023-11-03
428,Sherry,Kelly,Female,sherry.kelly@gmail.com,9329370953,Smithbury,New Hampshire,USA,2024-12-25
429,Jerry,Steele,Male,jerry.steele@gmail.com,5283622021,West Hollyfort,New Hampshire,USA,2025-07-10
430,Lisa,Rodriguez,Male,lisa.rodriguez@gmail.com,0501333171,Tannertown,Nebraska,USA,2023-08-14
431,Amanda,Kirby,Female,amanda.kirby@gmail.com,1613228118,East Jeffreybury,Utah,USA,2023-05-14
432,Kristen,Shaw,Female,kristen.shaw@gmail.com,0713497250,North Nicoletown,North Dakota,USA,2023-07-22
433,Dustin,Patterson,Female,dustin.patterson@gmail.com,6762532198,North Sierra,Colorado,USA,2021-06-23
434,Matthew,Nunez,Female,matthew.nunez@gmail.com,2053313807,Port Peter,Oregon,USA,2024-01-14
435,Sheri,Clark,Female,sheri.clark@gmail.com,1279005210,East Stephanie,Missouri,USA,2021-06-18
436,Thomas,Rios,Male,thomas.rios@gmail.com,0605347462,Christopherview,North Carolina,USA,2021-12-27
437,Alex,Casey,Male,alex.casey@gmail.com,9826017759,Brianfurt,Georgia,USA,2024-02-19
438,Kathryn,Chapman,Female,kathryn.chapman@gmail.com,0931985352,West Kristinbury,Maryland,USA,2023-05-21
439,Joseph,Hurley,Male,joseph.hurley@gmail.com,3665754349,Port Joseview,Michigan,USA,2024-03-29
440,Robert,Holmes,Male,robert.holmes@gmail.com,8140756946,Hodgesside,Illinois,USA,2025-09-06
441,Ruben,Rodriguez,Male,ruben.rodriguez@gmail.com,6446508603,Brownfort,West Virginia,USA,2023-07-13
442,Robert,Johnson,Male,robert.johnson@gmail.com,6561281771,Port Harry,South Carolina,USA,2025-12-18
443,Michael,Ramos,Male,michael.ramos@gmail.com,2523864214,North Robertside,Alabama,USA,2024-03-31
444,Matthew,Mullins,Male,matthew.mullins@gmail.com,2796990534,North Amandaburgh,Maine,USA,2025-11-17
445,Nicole,Smith,Male,nicole.smith@gmail.com,1139063242,Guzmanborough,Hawaii,USA,2021-07-06
446,Darrell,Daniels,Male,darrell.daniels@gmail.com,5131530465,Smithport,Maryland,USA,2022-10-27
447,Jim,Brennan,Male,jim.brennan@gmail.com,1687129257,Rosalesside,Georgia,USA,2023-09-26
448,Kimberly,Parker,Male,kimberly.parker@gmail.com,2764173204,New William,Wyoming,USA,2021-11-17
449,Kimberly,Matthews,Female,kimberly.matthews@gmail.com,5187356592,Susantown,Maryland,USA,2021-09-24
450,Maurice,Duran,Male,maurice.duran@gmail.com,3804550854,South Lorishire,Massachusetts,USA,2024-05-31
451,Nicholas,Lee,Female,nicholas.lee@gmail.com,8336221700,Tannerville,Colorado,USA,2023-11-01
452,Brandon,Hernandez,Female,brandon.hernandez@gmail.com,8305118947,Rebeccaside,Delaware,USA,2022-12-10
453,Mary,Rogers,Female,mary.rogers@gmail.com,2655227000,South Bryanfort,California,USA,2024-09-07
454,Andrea,Pierce,Male,andrea.pierce@gmail.com,8392888312,South Caitlynport,Oklahoma,USA,2021-08-06
455,Erica,Wood,Female,erica.wood@gmail.com,6335998477,Lake Seanbury,Rhode Island,USA,2022-07-20
456,Jason,Stark,Male,jason.stark@gmail.com,6680325502,West Fredfort,Minnesota,USA,2024-05-14
457,Michael,Camacho,Male,michael.camacho@gmail.com,9297518284,New Lisastad,Virginia,USA,2021-11-18
458,Thomas,Ellis,Male,thomas.ellis@gmail.com,9377489766,Maryfort,South Carolina,USA,2023-09-26
459,Debra,Gomez,Male,debra.gomez@gmail.com,2925138996,Tammybury,Utah,USA,2025-06-08
460,Monica,Boyd,Female,monica.boyd@gmail.com,5138635225,Lake James,Pennsylvania,USA,2023-03-13
461,Ralph,Cervantes,Female,ralph.cervantes@gmail.com,0114322854,Cunninghamside,Missouri,USA,2024-04-17
462,Nicole,Ellis,Female,nicole.ellis@gmail.com,9129894307,West Kevin,North Carolina,USA,2022-09-22
463,Adam,Clayton,Female,adam.clayton@gmail.com,4127380438,Montoyaville,North Carolina,USA,2024-02-24
464,Derrick,Lewis,Female,derrick.lewis@gmail.com,7930076059,New Alexandriafurt,Connecticut,USA,2024-06-14
465,Larry,Leon,Male,larry.leon@gmail.com,3999585949,East Jamie,Alabama,USA,2025-06-23
466,Karen,Campos,Female,karen.campos@gmail.com,2716535602,Ramosland,Wyoming,USA,2023-05-25
467,Adriana,Foster,Male,adriana.foster@gmail.com,0992124067,New Kevinfort,Missouri,USA,2023-07-10
468,Warren,Wright,Male,warren.wright@gmail.com,4128074255,Lake Katherine,Ohio,USA,2021-07-15
469,Mark,Lozano,Female,mark.lozano@gmail.com,8959127286,Gloriamouth,Louisiana,USA,2023-08-29
470,Louis,Smith,Male,louis.smith@gmail.com,8144804401,Lake Daniel,Pennsylvania,USA,2023-04-27
471,Yesenia,Dennis,Male,yesenia.dennis@gmail.com,7430210225,Lake Gwendolyn,Alabama,USA,2025-07-31
472,Laura,Lewis,Male,laura.lewis@gmail.com,2246983146,Fosterchester,Colorado,USA,2023-01-22
473,Lauren,Hall,Female,lauren.hall@gmail.com,8684652047,Port Gary,Delaware,USA,2023-07-29
474,John,Harris,Male,john.harris@gmail.com,6283555355,Dominguezview,Oklahoma,USA,2022-12-26
475,Melanie,Abbott,Female,melanie.abbott@gmail.com,8651730706,South Juliafurt,Mississippi,USA,2022-09-05
476,Anna,Walker,Male,anna.walker@gmail.com,4339109205,Justinside,Virginia,USA,2025-07-24
477,Alvin,Williams,Female,alvin.williams@gmail.com,1073376849,Hopkinsberg,Maryland,USA,2026-04-18
478,Jacqueline,King,Male,jacqueline.king@gmail.com,9105377364,Charlesport,Texas,USA,2021-12-10
479,Lacey,Park,Female,lacey.park@gmail.com,1056543389,West Jennifer,Nebraska,USA,2021-09-17
480,Summer,Gordon,Female,summer.gordon@gmail.com,5317372076,Johntown,Maine,USA,2024-05-09
481,Amy,Ross,Female,amy.ross@gmail.com,5248573025,Jerryville,Florida,USA,2023-11-05
482,David,Pacheco,Male,david.pacheco@gmail.com,3164493329,East Daniel,New York,USA,2023-09-26
483,Patricia,Mitchell,Male,patricia.mitchell@gmail.com,8813435253,Shaunfort,New Hampshire,USA,2021-12-16
484,Tony,Vang,Male,tony.vang@gmail.com,1570642252,East Danielleburgh,Missouri,USA,2025-10-20
485,Susan,Sanchez,Female,susan.sanchez@gmail.com,9786661141,Amytown,Virginia,USA,2022-11-13
486,Steven,Thomas,Male,steven.thomas@gmail.com,3939013523,Colleenburgh,Minnesota,USA,2024-08-26
487,Eric,Williams,Female,eric.williams@gmail.com,8313262834,Lake Kimberlyport,Iowa,USA,2022-12-24
488,Benjamin,Cross,Female,benjamin.cross@gmail.com,1661958070,Port Wayne,New Mexico,USA,2024-05-06
489,David,Johnson,Male,david.johnson@gmail.com,4268993000,Ralphburgh,New Mexico,USA,2025-10-19
490,Melissa,Wilson,Female,melissa.wilson@gmail.com,2609216403,Stonetown,Colorado,USA,2023-01-23
491,Joy,Carrillo,Male,joy.carrillo@gmail.com,9003430241,Mcdonaldport,Nebraska,USA,2022-07-26
492,Chris,Marquez,Female,chris.marquez@gmail.com,4284486181,Rodriguezville,Tennessee,USA,2021-07-30
493,Brittany,Phillips,Female,brittany.phillips@gmail.com,6110751836,Barnesburgh,New Jersey,USA,2024-05-20
494,Amy,Anderson,Male,amy.anderson@gmail.com,4275286652,Lake Kristine,Louisiana,USA,2024-08-10
495,Melissa,Allen,Male,melissa.allen@gmail.com,2602253708,New Scott,Vermont,USA,2024-12-30
496,Jennifer,Johnson,Male,jennifer.johnson@gmail.com,3046385578,Torresmouth,Mississippi,USA,2024-08-01
497,John,Mitchell,Male,john.mitchell@gmail.com,2874493451,Port Elizabeth,Colorado,USA,2023-11-26
498,Tiffany,Brock,Female,tiffany.brock@gmail.com,7630118385,Bradleyville,Connecticut,USA,2025-12-04
499,Emily,Kemp,Female,emily.kemp@gmail.com,7173183146,North Luis,Louisiana,USA,2023-06-23
500,Dalton,Craig,Female,dalton.craig@gmail.com,1392159478,Anthonyfurt,Louisiana,USA,2023-04-08
501,Sandra,Cook,Male,sandra.cook@gmail.com,5893155447,Douglaston,Michigan,USA,2021-12-31
502,Manuel,Daniel,Female,manuel.daniel@gmail.com,7284211313,New Georgehaven,Wisconsin,USA,2021-11-05
503,Paula,Mcfarland,Male,paula.mcfarland@gmail.com,4092905679,Ramirezburgh,Illinois,USA,2026-01-03
504,Robert,Schmitt,Female,robert.schmitt@gmail.com,5278809639,New Kevin,New Hampshire,USA,2024-12-27
505,James,Cannon,Male,james.cannon@gmail.com,6754484069,Lake Lori,Kansas,USA,2023-10-18
506,Levi,Johnson,Female,levi.johnson@gmail.com,5173070830,Sandrashire,California,USA,2024-07-21
507,Amanda,Cummings,Male,amanda.cummings@gmail.com,5517884563,Stanleymouth,New Jersey,USA,2021-10-02
508,Billy,Barrett,Female,billy.barrett@gmail.com,8408347395,Meganmouth,Maryland,USA,2024-08-25
509,Samuel,Schmidt,Male,samuel.schmidt@gmail.com,3757013926,West Danside,Idaho,USA,2025-02-22
510,Jenna,Coffey,Female,jenna.coffey@gmail.com,4380411494,Jillianchester,North Carolina,USA,2024-09-28
511,Jeffery,Foster,Male,jeffery.foster@gmail.com,0109432331,West Emmafort,Virginia,USA,2021-12-28
512,David,Lee,Female,david.lee@gmail.com,4486339403,Charlesstad,South Dakota,USA,2023-02-26
513,Ricardo,Cooper,Female,ricardo.cooper@gmail.com,8185288511,New Williamview,New York,USA,2024-09-20
514,Alexa,Klein,Male,alexa.klein@gmail.com,3287090684,Port Andrew,Wisconsin,USA,2024-11-09
515,Paul,Young,Male,paul.young@gmail.com,6286195111,South Peter,Nebraska,USA,2022-11-07
516,Judy,Beasley,Male,judy.beasley@gmail.com,2852351546,Austinmouth,Montana,USA,2022-11-24
517,Tara,Cameron,Male,tara.cameron@gmail.com,6266526685,East Adamville,Arkansas,USA,2023-08-30
518,Mary,Mcmahon,Male,mary.mcmahon@gmail.com,9431053055,Zacharyville,Louisiana,USA,2023-01-16
519,Christy,Allen,Male,christy.allen@gmail.com,5994270451,Seanview,Wisconsin,USA,2024-04-08
520,Richard,Aguilar,Male,richard.aguilar@gmail.com,7071113565,North Robert,Tennessee,USA,2023-05-01
521,Caitlin,Butler,Male,caitlin.butler@gmail.com,1484681452,Hillfort,Washington,USA,2025-11-12
522,Robert,Lee,Female,robert.lee@gmail.com,0038069988,North Megan,Rhode Island,USA,2024-09-13
523,Christopher,Parker,Female,christopher.parker@gmail.com,4718646259,East Patricia,Florida,USA,2025-02-20
524,Scott,Myers,Male,scott.myers@gmail.com,5012403320,Matthewhaven,Vermont,USA,2022-09-17
525,Charles,Taylor,Male,charles.taylor@gmail.com,4697885862,New Kelseymouth,Alaska,USA,2023-10-10
526,Alex,Thompson,Female,alex.thompson@gmail.com,7671730272,Thomaston,California,USA,2024-01-17
527,Tammy,Green,Male,tammy.green@gmail.com,1639564957,Lake Brittney,New Mexico,USA,2024-11-15
528,Jacqueline,White,Female,jacqueline.white@gmail.com,1552203755,South Kristinefurt,Minnesota,USA,2025-10-06
529,Alexa,Case,Male,alexa.case@gmail.com,3731342639,Brianview,Georgia,USA,2026-05-25
530,Christina,Thornton,Female,christina.thornton@gmail.com,5407505087,Kimberlyville,Alaska,USA,2022-12-16
531,Linda,Martin,Male,linda.martin@gmail.com,3298841203,North Pedro,Arizona,USA,2023-06-04
532,Steven,Mcguire,Female,steven.mcguire@gmail.com,7821996126,Harrellmouth,Kansas,USA,2021-06-13
533,Richard,Wilson,Male,richard.wilson@gmail.com,3865326162,Lake Margarettown,Alaska,USA,2025-10-22
534,Tina,Gaines,Female,tina.gaines@gmail.com,4974621766,Port Michaelside,Arkansas,USA,2021-10-14
535,Kayla,Miller,Female,kayla.miller@gmail.com,3133540065,South Kathryn,South Dakota,USA,2024-09-04
536,Kyle,Chaney,Female,kyle.chaney@gmail.com,6632669854,South Jesseland,Arizona,USA,2025-03-11
537,Erika,Baxter,Female,erika.baxter@gmail.com,2523652021,Port Ashleyburgh,North Carolina,USA,2024-10-31
538,Dominique,Harding,Female,dominique.harding@gmail.com,2434513653,Mirandaport,Maine,USA,2021-07-25
539,Kathryn,Bradshaw,Female,kathryn.bradshaw@gmail.com,6541649362,Sydneyside,Pennsylvania,USA,2021-09-13
540,Isabel,Bowers,Female,isabel.bowers@gmail.com,6248182475,Whitemouth,Nebraska,USA,2022-05-13
541,Katie,Roberts,Male,katie.roberts@gmail.com,9934678406,Carrville,Missouri,USA,2024-03-02
542,Holly,Gilbert,Female,holly.gilbert@gmail.com,0557803486,North Samanthaburgh,Wyoming,USA,2023-08-26
543,Nathan,Christian,Female,nathan.christian@gmail.com,1137731558,South Travisborough,New York,USA,2023-04-12
544,Richard,Jones,Male,richard.jones@gmail.com,4499315949,North Timothy,Oklahoma,USA,2025-09-07
545,David,Thomas,Female,david.thomas@gmail.com,2192618748,Lake Travis,Maryland,USA,2025-02-09
546,Jeffrey,Smith,Male,jeffrey.smith@gmail.com,9865774596,Port Daniel,Missouri,USA,2024-10-23
547,Brittany,Allen,Male,brittany.allen@gmail.com,3344201281,Monicamouth,Arkansas,USA,2024-02-09
548,Richard,Fields,Male,richard.fields@gmail.com,2476723151,Lake Ana,Ohio,USA,2023-11-23
549,Paula,Harvey,Female,paula.harvey@gmail.com,9857043707,Lake Christina,Michigan,USA,2025-07-23
550,Jeremy,Vasquez,Male,jeremy.vasquez@gmail.com,9445179136,Lake Rita,Missouri,USA,2024-11-20
551,Andrea,Hayes,Female,andrea.hayes@gmail.com,0458906511,North Timothy,Kentucky,USA,2023-04-29
552,Tasha,Bennett,Female,tasha.bennett@gmail.com,6590727815,Hollandshire,Oregon,USA,2024-10-09
553,Jared,Miles,Male,jared.miles@gmail.com,1272117952,North Jenniferburgh,Wisconsin,USA,2022-02-13
554,Ashley,Hicks,Male,ashley.hicks@gmail.com,8964262959,Berryshire,New Mexico,USA,2026-04-18
555,Joel,Coleman,Female,joel.coleman@gmail.com,8439755727,Gonzalezchester,South Carolina,USA,2022-12-26
556,Kathryn,Kramer,Female,kathryn.kramer@gmail.com,4701319297,Markchester,Vermont,USA,2022-04-10
557,Shawn,Sanders,Male,shawn.sanders@gmail.com,9666017181,Kennethstad,Maine,USA,2021-10-10
558,Lori,Rodriguez,Female,lori.rodriguez@gmail.com,9115230219,New Evantown,North Carolina,USA,2024-03-14
559,Matthew,Knight,Male,matthew.knight@gmail.com,0749739648,Lawsonville,Minnesota,USA,2026-05-24
560,Samuel,Bullock,Female,samuel.bullock@gmail.com,8225539005,Ricardoland,Arkansas,USA,2023-08-01
561,Emily,Johnson,Female,emily.johnson@gmail.com,4609956666,West Cathychester,Florida,USA,2026-02-02
562,Mary,Burton,Male,mary.burton@gmail.com,0418318362,Jameston,South Dakota,USA,2023-08-16
563,Denise,Peterson,Male,denise.peterson@gmail.com,6438025922,Hudsontown,North Carolina,USA,2023-03-28
564,Meredith,Knight,Female,meredith.knight@gmail.com,0751237479,East Shannon,North Dakota,USA,2023-06-22
565,Courtney,Sanchez,Female,courtney.sanchez@gmail.com,6997669197,South Valerie,Alaska,USA,2022-12-09
566,Cynthia,Long,Male,cynthia.long@gmail.com,0745538640,New Leslieshire,Idaho,USA,2023-12-12
567,James,Smith,Female,james.smith@gmail.com,2841172618,Rodrigueztown,Georgia,USA,2025-10-24
568,Kathleen,Murray,Male,kathleen.murray@gmail.com,3408175780,Albertstad,Tennessee,USA,2024-06-09
569,Yvonne,Harris,Female,yvonne.harris@gmail.com,8501767618,North Christopherland,New Jersey,USA,2026-05-07
570,Anthony,Jones,Female,anthony.jones@gmail.com,1581757953,Wilsontown,Utah,USA,2024-10-05
571,Brittany,Knight,Female,brittany.knight@gmail.com,7153233890,Seanview,Idaho,USA,2024-12-03
572,Rachel,Serrano,Female,rachel.serrano@gmail.com,4414009310,Sandratown,Florida,USA,2025-07-14
573,Madison,Frank,Female,madison.frank@gmail.com,8957070446,Lake Jared,Mississippi,USA,2024-12-15
574,James,Jones,Male,james.jones@gmail.com,8668502286,Port Michelletown,Wyoming,USA,2023-12-30
575,Lisa,Ponce,Male,lisa.ponce@gmail.com,9048657085,New Katherineburgh,Nevada,USA,2022-04-10
576,Tiffany,Gardner,Male,tiffany.gardner@gmail.com,1493586741,Batesville,Hawaii,USA,2022-04-23
577,Travis,Klein,Male,travis.klein@gmail.com,6780308386,Justinmouth,Arizona,USA,2024-09-20
578,Thomas,Petersen,Female,thomas.petersen@gmail.com,5125407285,Port Frederick,Kentucky,USA,2026-05-15
579,Clifford,Newman,Male,clifford.newman@gmail.com,4863393455,New Kevinview,California,USA,2024-10-11
580,Deborah,Lopez,Male,deborah.lopez@gmail.com,8564585213,Port Jason,Oregon,USA,2024-04-12
581,Leslie,Bonilla,Male,leslie.bonilla@gmail.com,7452655730,Chelseamouth,California,USA,2024-06-13
582,Matthew,Bryant,Male,matthew.bryant@gmail.com,5951520016,Janetstad,Louisiana,USA,2021-11-04
583,James,Oconnell,Female,james.oconnell@gmail.com,8761908045,Port Johnstad,Oregon,USA,2023-11-14
584,Jennifer,Brown,Male,jennifer.brown@gmail.com,6633872520,North Erinport,Hawaii,USA,2022-08-02
585,Bonnie,Hurst,Male,bonnie.hurst@gmail.com,6934205067,Conniemouth,New Mexico,USA,2024-09-27
586,Jessica,Young,Male,jessica.young@gmail.com,9926424969,West Markview,Ohio,USA,2024-07-13
587,Christine,Forbes,Male,christine.forbes@gmail.com,2322074428,North Rebecca,Nevada,USA,2024-12-02
588,Henry,Hammond,Female,henry.hammond@gmail.com,6953130291,Nicholschester,Michigan,USA,2026-01-11
589,Lisa,Jimenez,Female,lisa.jimenez@gmail.com,5539572719,Arnoldchester,Connecticut,USA,2024-05-23
590,Charles,Chang,Female,charles.chang@gmail.com,2146960781,New Paulberg,Nevada,USA,2023-01-06
591,Lisa,Blair,Male,lisa.blair@gmail.com,7621138372,Robinport,Mississippi,USA,2025-07-19
592,Norma,Oconnor,Female,norma.oconnor@gmail.com,0580295246,West Pamelafort,Nevada,USA,2026-02-10
593,Jessica,Wright,Female,jessica.wright@gmail.com,8260627778,Parkerville,Minnesota,USA,2024-01-01
594,Stanley,Lindsey,Male,stanley.lindsey@gmail.com,6840107268,Port Isabel,Kansas,USA,2023-04-19
595,Anthony,Clark,Female,anthony.clark@gmail.com,8133358660,Gregorychester,Arizona,USA,2025-12-13
596,David,Dyer,Female,david.dyer@gmail.com,0746607774,Tylermouth,Idaho,USA,2022-01-20
597,Charles,Walsh,Female,charles.walsh@gmail.com,0144773033,Bryanland,New Jersey,USA,2022-08-04
598,Jonathon,Rodgers,Male,jonathon.rodgers@gmail.com,1084773621,Beckerfurt,New York,USA,2022-03-01
599,Cole,Glenn,Male,cole.glenn@gmail.com,4093831587,Port Nicholasfurt,Alabama,USA,2021-09-06
600,Elizabeth,Parker,Male,elizabeth.parker@gmail.com,9835839119,East Seanport,West Virginia,USA,2021-08-08
601,Lauren,Ochoa,Female,lauren.ochoa@gmail.com,8839379223,Lake Leahmouth,Mississippi,USA,2023-05-24
602,James,Barnett,Female,james.barnett@gmail.com,6490742818,Lake Stephanie,Montana,USA,2024-04-02
603,James,Pope,Male,james.pope@gmail.com,8276167678,Larrychester,New Hampshire,USA,2025-08-20
604,Kara,Mcgee,Male,kara.mcgee@gmail.com,5570558868,West Heather,Virginia,USA,2023-07-14
605,Nicole,Harris,Female,nicole.harris@gmail.com,7976258349,Deleonmouth,South Carolina,USA,2024-07-01
606,Christina,Choi,Male,christina.choi@gmail.com,8597898793,Port Williamport,Oklahoma,USA,2022-11-01
607,Ashley,Bailey,Female,ashley.bailey@gmail.com,7069008799,West Anna,Rhode Island,USA,2021-09-30
608,Stephanie,Smith,Male,stephanie.smith@gmail.com,7524311977,Lake Rachel,Ohio,USA,2025-01-18
609,Jackson,Reed,Female,jackson.reed@gmail.com,2648473361,Williamsfort,Alaska,USA,2024-07-10
610,Steven,Anderson,Female,steven.anderson@gmail.com,5849531104,North Dustinburgh,Utah,USA,2022-07-19
611,Michael,Harrison,Male,michael.harrison@gmail.com,9628129534,Duffyburgh,Alabama,USA,2024-08-22
612,Kelsey,Little,Male,kelsey.little@gmail.com,7763584259,West Amber,Missouri,USA,2021-09-20
613,William,Bond,Male,william.bond@gmail.com,2981301546,South Travisport,Indiana,USA,2023-09-03
614,Andrew,Smith,Female,andrew.smith@gmail.com,6393946313,Meganburgh,California,USA,2026-04-25
615,Dennis,Snyder,Male,dennis.snyder@gmail.com,8343955849,Alexismouth,Virginia,USA,2026-04-24
616,Monique,Trevino,Female,monique.trevino@gmail.com,4788261568,Melaniefort,North Dakota,USA,2025-04-22
617,Michele,Todd,Female,michele.todd@gmail.com,6003006138,New Brianport,Oregon,USA,2021-10-24
618,Amy,Fletcher,Female,amy.fletcher@gmail.com,4938747010,North Joseph,New Mexico,USA,2024-02-27
619,Michael,Perry,Female,michael.perry@gmail.com,2527653722,East Johnnychester,Virginia,USA,2022-06-26
620,David,Delgado,Female,david.delgado@gmail.com,2890178063,Lake Douglas,Wyoming,USA,2023-07-26
621,Michael,Bass,Female,michael.bass@gmail.com,8359658090,Riceshire,South Carolina,USA,2024-05-25
622,Shawn,Davenport,Male,shawn.davenport@gmail.com,6901423512,Lake Taylorville,North Dakota,USA,2026-02-19
623,Bonnie,Wells,Male,bonnie.wells@gmail.com,3885232604,Collinsmouth,Maryland,USA,2024-07-18
624,Ryan,Medina,Male,ryan.medina@gmail.com,6888851829,Cruzstad,Arkansas,USA,2026-01-25
625,Megan,Thompson,Female,megan.thompson@gmail.com,4217556904,New Michael,Delaware,USA,2026-03-25
626,Charles,Haynes,Male,charles.haynes@gmail.com,6252309348,Lyonsland,Maine,USA,2026-02-02
627,Tonya,Jones,Female,tonya.jones@gmail.com,4387710856,Jessicaberg,Colorado,USA,2024-05-01
628,Larry,Stewart,Male,larry.stewart@gmail.com,0705721512,Johnstontown,New York,USA,2021-08-27
629,Ashley,Moore,Male,ashley.moore@gmail.com,1366342727,Nguyenborough,Oklahoma,USA,2021-06-07
630,Matthew,Blankenship,Male,matthew.blankenship@gmail.com,3246062009,Lake Maria,Missouri,USA,2023-03-25
631,Lawrence,Turner,Female,lawrence.turner@gmail.com,3965958385,Susanstad,Virginia,USA,2021-09-05
632,Jesus,Hall,Male,jesus.hall@gmail.com,8793370369,Youngport,Wisconsin,USA,2022-09-07
633,Timothy,Holt,Male,timothy.holt@gmail.com,7482123097,Mariashire,Utah,USA,2021-06-01
634,Kristin,Hayes,Male,kristin.hayes@gmail.com,9038387821,South Susan,Ohio,USA,2022-03-29
635,John,Perez,Female,john.perez@gmail.com,7198486684,New Justintown,Minnesota,USA,2026-03-25
636,Janice,Le,Male,janice.le@gmail.com,5698502156,Lake Sherryland,Oklahoma,USA,2024-08-20
637,Manuel,Thomas,Male,manuel.thomas@gmail.com,1969989864,Ginaville,Louisiana,USA,2022-06-05
638,Rachel,Mclaughlin,Male,rachel.mclaughlin@gmail.com,2749542092,South Danielbury,Montana,USA,2021-09-16
639,Aaron,Mclean,Male,aaron.mclean@gmail.com,5654202676,Port Jeffery,Utah,USA,2021-09-16
640,Andre,Knapp,Male,andre.knapp@gmail.com,6622184487,Micheleville,Maine,USA,2025-05-18
641,Diana,Taylor,Male,diana.taylor@gmail.com,2521269959,Mariachester,Oklahoma,USA,2025-09-30
642,Aaron,Romero,Male,aaron.romero@gmail.com,7369357800,Monicafurt,New York,USA,2024-12-04
643,Alejandra,Marquez,Female,alejandra.marquez@gmail.com,5417214737,Hunterside,Connecticut,USA,2024-03-02
644,Jessica,Diaz,Female,jessica.diaz@gmail.com,9346341002,Bryanburgh,Florida,USA,2026-01-23
645,Matthew,Francis,Female,matthew.francis@gmail.com,6856607380,Kaitlynmouth,Maryland,USA,2024-07-29
646,Nancy,Park,Female,nancy.park@gmail.com,5169106643,East Matthew,Connecticut,USA,2023-06-22
647,Paul,Morgan,Female,paul.morgan@gmail.com,6764947920,Adamsfurt,Idaho,USA,2024-12-05
648,Michael,Allison,Male,michael.allison@gmail.com,8210986173,Cindyburgh,Massachusetts,USA,2023-06-03
649,Deanna,Ward,Female,deanna.ward@gmail.com,7752017700,South Megan,North Dakota,USA,2021-08-25
650,Robert,Taylor,Female,robert.taylor@gmail.com,2650292508,Yatesshire,South Carolina,USA,2025-08-21
651,Jessica,Perry,Female,jessica.perry@gmail.com,4323467958,Paulamouth,Connecticut,USA,2024-07-09
652,Mary,Johnson,Male,mary.johnson@gmail.com,2781766198,West Amy,Missouri,USA,2025-08-20
653,Aaron,Hughes,Male,aaron.hughes@gmail.com,3149188699,Lake Amber,North Carolina,USA,2025-09-02
654,Michelle,Schmidt,Female,michelle.schmidt@gmail.com,8590789312,Emilyborough,Massachusetts,USA,2024-10-28
655,Julie,Wagner,Male,julie.wagner@gmail.com,2232156521,Kaufmanfurt,Iowa,USA,2024-10-20
656,Wayne,Savage,Male,wayne.savage@gmail.com,5857787994,Christinaberg,Maryland,USA,2024-10-07
657,Jeffrey,Johnson,Male,jeffrey.johnson@gmail.com,0350115629,Khantown,Tennessee,USA,2025-05-19
658,Laura,Peters,Female,laura.peters@gmail.com,3736754738,Irwinbury,Vermont,USA,2022-10-12
659,Timothy,Lee,Female,timothy.lee@gmail.com,6392256528,New John,Vermont,USA,2022-11-01
660,Natalie,Moreno,Male,natalie.moreno@gmail.com,4163367294,West Jamesport,Massachusetts,USA,2022-07-09
661,Eric,Lamb,Female,eric.lamb@gmail.com,2377580446,Gibsonhaven,Mississippi,USA,2021-08-03
662,Tony,Rose,Male,tony.rose@gmail.com,1340401719,Tonyaton,Iowa,USA,2025-10-05
663,Danny,Flynn,Male,danny.flynn@gmail.com,8342393962,Richmondmouth,Indiana,USA,2021-09-03
664,Steven,Robertson,Male,steven.robertson@gmail.com,7368081784,Austintown,Washington,USA,2026-03-11
665,Nicholas,Tucker,Male,nicholas.tucker@gmail.com,7186374239,East Connor,North Carolina,USA,2025-09-21
666,Kelly,Lee,Male,kelly.lee@gmail.com,1706007641,Christinabury,Oregon,USA,2025-08-31
667,Kathryn,Gordon,Male,kathryn.gordon@gmail.com,6817412411,Peterborough,Iowa,USA,2023-09-22
668,Paul,Cervantes,Male,paul.cervantes@gmail.com,8485782495,Leonardfort,Idaho,USA,2024-04-18
669,Robert,Haley,Female,robert.haley@gmail.com,5023724675,Millerland,Georgia,USA,2023-03-01
670,Richard,Thompson,Male,richard.thompson@gmail.com,8531222158,East Mary,Delaware,USA,2023-04-03
671,Katherine,Finley,Male,katherine.finley@gmail.com,4621216891,Port Gary,Vermont,USA,2023-02-08
672,Jenna,Davis,Female,jenna.davis@gmail.com,8283118335,New Kimberly,Arizona,USA,2022-01-25
673,Michael,Thompson,Female,michael.thompson@gmail.com,0788038940,West Tracyborough,Delaware,USA,2023-10-04
674,Benjamin,Park,Male,benjamin.park@gmail.com,0606481955,North Steven,New Hampshire,USA,2025-08-29
675,Charles,James,Male,charles.james@gmail.com,6844529660,Jacobport,Florida,USA,2022-09-11
676,James,Thomas,Female,james.thomas@gmail.com,8801374181,Kristenstad,New Hampshire,USA,2024-10-02
677,Laura,Hernandez,Female,laura.hernandez@gmail.com,7307981236,West Helenchester,Massachusetts,USA,2022-02-12
678,Charlene,Davis,Female,charlene.davis@gmail.com,7606005622,East Monica,Alabama,USA,2024-11-22
679,Joseph,Howell,Female,joseph.howell@gmail.com,7384459653,Ortegahaven,New Jersey,USA,2022-07-08
680,Paul,Bailey,Male,paul.bailey@gmail.com,9707993516,Aprilberg,South Carolina,USA,2024-06-03
681,Joyce,Moreno,Female,joyce.moreno@gmail.com,9460462563,Henrychester,New York,USA,2025-10-27
682,Thomas,Conley,Female,thomas.conley@gmail.com,3969460567,West Karenhaven,Wisconsin,USA,2024-09-24
683,Matthew,Carter,Female,matthew.carter@gmail.com,3393127134,East Jeffreyport,Rhode Island,USA,2026-05-17
684,Christine,Yang,Male,christine.yang@gmail.com,4388577337,Reedberg,Delaware,USA,2023-08-13
685,Holly,Andrade,Female,holly.andrade@gmail.com,8026964070,New Alexis,West Virginia,USA,2024-09-01
686,April,Turner,Female,april.turner@gmail.com,2921640899,Lake Frank,Alabama,USA,2023-07-05
687,Peter,Martinez,Male,peter.martinez@gmail.com,1547100373,North Jenniferview,North Dakota,USA,2025-03-09
688,Timothy,Flynn,Female,timothy.flynn@gmail.com,7313679156,Bookerberg,Colorado,USA,2021-07-11
689,Eric,Garcia,Male,eric.garcia@gmail.com,9078451573,New Brianamouth,New York,USA,2024-08-29
690,Lance,Kidd,Female,lance.kidd@gmail.com,5155488523,East Selenamouth,Ohio,USA,2022-12-21
691,Michael,Austin,Male,michael.austin@gmail.com,3812979434,South Lindsay,New Hampshire,USA,2025-06-17
692,Nancy,Gardner,Female,nancy.gardner@gmail.com,7990644109,Jacksontown,Arizona,USA,2024-03-28
693,Jessica,Moore,Female,jessica.moore@gmail.com,7279436156,Port Taylorview,Wyoming,USA,2022-04-07
694,Kathleen,Richmond,Female,kathleen.richmond@gmail.com,9839126989,Travisshire,Wisconsin,USA,2025-01-31
695,Kara,Williams,Male,kara.williams@gmail.com,3596077736,South Ashley,Washington,USA,2025-09-04
696,Laura,Jackson,Male,laura.jackson@gmail.com,0227811611,Elizabethtown,Kentucky,USA,2025-05-18
697,Hunter,Preston,Male,hunter.preston@gmail.com,1859161633,Allenbury,Arkansas,USA,2024-01-04
698,Autumn,Ford,Male,autumn.ford@gmail.com,3818882145,Erinburgh,Oregon,USA,2022-08-24
699,James,Lopez,Female,james.lopez@gmail.com,1516009984,Mcgrathbury,South Carolina,USA,2025-08-13
700,Patrick,Sanchez,Female,patrick.sanchez@gmail.com,4939365208,West Kennethtown,Louisiana,USA,2024-07-04
701,Phillip,James,Female,phillip.james@gmail.com,9471414848,Port Jessicaville,North Dakota,USA,2022-01-15
702,Dawn,Goodman,Male,dawn.goodman@gmail.com,7526459936,Miguelfort,Connecticut,USA,2026-01-21
703,Michael,Crane,Female,michael.crane@gmail.com,1091512350,West Jennifer,Michigan,USA,2024-04-26
704,Anna,Santos,Female,anna.santos@gmail.com,2553397622,Kimmouth,Ohio,USA,2026-02-04
705,Jessica,Fernandez,Female,jessica.fernandez@gmail.com,0090201318,Angelashire,Colorado,USA,2022-12-02
706,Nicole,Mitchell,Female,nicole.mitchell@gmail.com,7500181210,Jacksonshire,Vermont,USA,2024-09-30
707,Kyle,Trujillo,Male,kyle.trujillo@gmail.com,3705948213,North Tamaraland,Indiana,USA,2025-03-11
708,Elizabeth,Davis,Male,elizabeth.davis@gmail.com,1018653910,North Valeriefort,South Dakota,USA,2025-08-01
709,Gene,Clark,Female,gene.clark@gmail.com,5421443393,East Alexander,Texas,USA,2025-12-15
710,Tracy,Wagner,Male,tracy.wagner@gmail.com,8028221092,New Sean,South Dakota,USA,2025-07-08
711,Bryan,Hammond,Female,bryan.hammond@gmail.com,5048859164,Jenniferhaven,Alaska,USA,2022-03-25
712,Katie,Smith,Male,katie.smith@gmail.com,8934551616,South Joshuatown,Alabama,USA,2023-02-12
713,Timothy,Taylor,Female,timothy.taylor@gmail.com,0556202123,Wallerfurt,Michigan,USA,2022-04-18
714,Melissa,Thomas,Female,melissa.thomas@gmail.com,8171421427,Phillipsfort,Alaska,USA,2023-06-26
715,Calvin,Williams,Female,calvin.williams@gmail.com,9753527753,Stephensmouth,Missouri,USA,2025-07-21
716,Tara,Clayton,Female,tara.clayton@gmail.com,0071723354,South Melissamouth,Kentucky,USA,2024-04-16
717,Jeremy,Kelly,Female,jeremy.kelly@gmail.com,5324607333,North Emily,Nebraska,USA,2022-03-15
718,Jason,Gutierrez,Female,jason.gutierrez@gmail.com,8233715315,Port Stephanietown,Virginia,USA,2025-01-26
719,Michael,Mahoney,Male,michael.mahoney@gmail.com,6806809064,West Ronald,Massachusetts,USA,2025-12-15
720,James,Thomas,Male,james.thomas@gmail.com,9887830560,North Shelby,Alaska,USA,2022-08-04
721,Tamara,Morales,Female,tamara.morales@gmail.com,6284892622,South Lauraview,South Carolina,USA,2023-10-07
722,Christopher,Gentry,Female,christopher.gentry@gmail.com,8356856616,South Steven,New Mexico,USA,2022-11-24
723,Barry,Brown,Female,barry.brown@gmail.com,4806111024,North Johnmouth,Oregon,USA,2022-11-25
724,Robert,Simmons,Male,robert.simmons@gmail.com,7423883681,Patrickshire,Connecticut,USA,2025-02-14
725,Jeffrey,Torres,Female,jeffrey.torres@gmail.com,7629201494,Nathanburgh,Maryland,USA,2022-09-22
726,Timothy,Buck,Male,timothy.buck@gmail.com,3069919860,Jenniferland,New Hampshire,USA,2022-03-07
727,Paul,Alvarado,Female,paul.alvarado@gmail.com,1963215702,New Taylor,Vermont,USA,2023-03-21
728,Dawn,Lewis,Male,dawn.lewis@gmail.com,0565555314,West Hollybury,Maryland,USA,2023-08-16
729,Zachary,Mccann,Female,zachary.mccann@gmail.com,7376940142,Joneschester,New York,USA,2023-11-21
730,Kathleen,Fuentes,Female,kathleen.fuentes@gmail.com,9619140813,Jacquelineland,Oregon,USA,2022-12-29
731,Johnny,Gomez,Female,johnny.gomez@gmail.com,5927723909,Xaviertown,Nevada,USA,2021-07-31
732,Arthur,Scott,Male,arthur.scott@gmail.com,1012768261,West Michael,Massachusetts,USA,2021-10-05
733,Ellen,Shaw,Male,ellen.shaw@gmail.com,1967329628,Lake Nicolefurt,Utah,USA,2023-03-02
734,Stephanie,Byrd,Female,stephanie.byrd@gmail.com,6319807475,Jeremytown,New Mexico,USA,2024-11-26
735,Sara,Jimenez,Male,sara.jimenez@gmail.com,1124249677,Courtneyside,Ohio,USA,2025-01-20
736,Maria,Tran,Female,maria.tran@gmail.com,1564431165,Lopezchester,Tennessee,USA,2022-10-30
737,Daniel,Scott,Female,daniel.scott@gmail.com,7294547637,Strongbury,Oregon,USA,2024-01-12
738,Matthew,Martinez,Male,matthew.martinez@gmail.com,4043258725,Laurenfort,New Mexico,USA,2023-09-02
739,Nicholas,Garrett,Male,nicholas.garrett@gmail.com,5399348831,Port Taylor,Massachusetts,USA,2024-08-03
740,Amber,Garcia,Male,amber.garcia@gmail.com,7942779358,Weaverbury,Tennessee,USA,2025-03-27
741,Aaron,Savage,Female,aaron.savage@gmail.com,3460056211,Jessicafurt,Idaho,USA,2021-10-12
742,Jennifer,Simpson,Female,jennifer.simpson@gmail.com,7451238516,New Lindaside,Delaware,USA,2023-02-09
743,Lee,Franklin,Female,lee.franklin@gmail.com,9415285705,Jasonbury,Alabama,USA,2021-07-14
744,Amanda,Carroll,Female,amanda.carroll@gmail.com,9421824839,North David,Wyoming,USA,2026-01-26
745,Kristopher,Green,Male,kristopher.green@gmail.com,1169533985,New Andrewview,Texas,USA,2023-09-30
746,Alicia,Randall,Female,alicia.randall@gmail.com,0608605139,South Vickiview,Idaho,USA,2025-04-15
747,Dawn,Mendoza,Female,dawn.mendoza@gmail.com,6506973112,New Adrienneville,Georgia,USA,2024-01-12
748,Natalie,Wells,Male,natalie.wells@gmail.com,4685403157,Karenville,Wyoming,USA,2024-06-03
749,Miguel,Andrews,Male,miguel.andrews@gmail.com,0245417135,Gonzalesland,Arkansas,USA,2025-06-02
750,Gabriela,Kaufman,Male,gabriela.kaufman@gmail.com,4817409298,Lake Chadburgh,West Virginia,USA,2025-07-04
751,Anthony,West,Male,anthony.west@gmail.com,5743043499,North Catherine,Idaho,USA,2021-12-27
752,Kevin,Watkins,Male,kevin.watkins@gmail.com,0001293703,East Mark,Vermont,USA,2025-07-16
753,Amber,Newton,Male,amber.newton@gmail.com,7763727272,Henryside,Arkansas,USA,2023-09-16
754,Scott,Butler,Female,scott.butler@gmail.com,8078851850,New Racheltown,Illinois,USA,2023-08-31
755,Brooke,Williams,Male,brooke.williams@gmail.com,8109252389,Johnsonview,Connecticut,USA,2024-07-27
756,Carla,Fowler,Male,carla.fowler@gmail.com,8857417006,West Charles,Missouri,USA,2024-10-16
757,Phillip,Smith,Female,phillip.smith@gmail.com,6318743206,Lake Johnview,Montana,USA,2022-02-26
758,Gloria,Harris,Male,gloria.harris@gmail.com,1022970799,Jonesview,South Carolina,USA,2023-01-03
759,Kristen,Ward,Female,kristen.ward@gmail.com,8473116903,North Jamesville,Michigan,USA,2025-08-18
760,Linda,Short,Male,linda.short@gmail.com,2387232514,Eddieview,Maine,USA,2022-01-09
761,Christina,Morrow,Female,christina.morrow@gmail.com,1401405783,Parkshaven,Florida,USA,2024-08-02
762,Frank,Rivas,Male,frank.rivas@gmail.com,0005106467,Jenkinsborough,Iowa,USA,2024-11-08
763,Brian,Bowers,Male,brian.bowers@gmail.com,5784041734,North Rosechester,Minnesota,USA,2024-10-30
764,Amanda,Nixon,Female,amanda.nixon@gmail.com,8908631701,Maloneborough,Washington,USA,2022-05-06
765,Jonathon,Jones,Female,jonathon.jones@gmail.com,5654186053,Lake Brendahaven,Oklahoma,USA,2022-09-17
766,Richard,Hicks,Female,richard.hicks@gmail.com,9264526110,Josephhaven,Missouri,USA,2023-09-12
767,Joann,Conway,Male,joann.conway@gmail.com,0135708336,Harrismouth,Idaho,USA,2021-08-13
768,Kristen,Roman,Male,kristen.roman@gmail.com,9508072972,New Matthew,Nebraska,USA,2025-11-07
769,John,Townsend,Female,john.townsend@gmail.com,8935909878,Lopezland,Maryland,USA,2022-02-14
770,Elizabeth,Cruz,Male,elizabeth.cruz@gmail.com,2711659499,Port Linda,Pennsylvania,USA,2023-10-16
771,Eric,Sanders,Female,eric.sanders@gmail.com,5699201654,East Robert,Louisiana,USA,2025-10-19
772,Rebecca,Ward,Male,rebecca.ward@gmail.com,0585419060,Port Robert,Maine,USA,2025-05-11
773,Matthew,Simmons,Female,matthew.simmons@gmail.com,0261125092,East John,Wyoming,USA,2026-04-28
774,Roy,Moore,Male,roy.moore@gmail.com,3904695132,Hollystad,Colorado,USA,2022-08-04
775,Mark,Martin,Female,mark.martin@gmail.com,2468813574,Martinezside,Utah,USA,2022-01-23
776,Gregory,Smith,Female,gregory.smith@gmail.com,1523445435,East Victoria,West Virginia,USA,2026-02-27
777,Kathryn,Clark,Male,kathryn.clark@gmail.com,6137697920,Gentryfurt,Alaska,USA,2026-04-22
778,Amanda,Doyle,Female,amanda.doyle@gmail.com,2712298256,South Paulside,Montana,USA,2023-11-03
779,Keith,Medina,Male,keith.medina@gmail.com,9502990791,North Natasha,Massachusetts,USA,2024-05-10
780,Tracy,Smith,Male,tracy.smith@gmail.com,6534297718,Port Kathleen,New Hampshire,USA,2025-09-04
781,Richard,Long,Female,richard.long@gmail.com,7789230211,Port Brandon,North Carolina,USA,2024-05-08
782,Laura,Mitchell,Male,laura.mitchell@gmail.com,5500972801,South Adrienneside,Alaska,USA,2022-04-16
783,Stephen,Harris,Female,stephen.harris@gmail.com,1526000206,New Eric,Ohio,USA,2024-04-17
784,Jose,Brown,Female,jose.brown@gmail.com,3414655103,New Michelle,New Jersey,USA,2024-03-05
785,Rebekah,Pierce,Female,rebekah.pierce@gmail.com,5506136498,Port Tiffany,Oklahoma,USA,2026-03-21
786,Nathaniel,Johnson,Female,nathaniel.johnson@gmail.com,3203152095,Hopkinsland,Washington,USA,2025-10-02
787,Patricia,Monroe,Female,patricia.monroe@gmail.com,7800511029,West Derekmouth,Alaska,USA,2025-07-11
788,Daniel,Brown,Male,daniel.brown@gmail.com,0046042918,New Jacob,Illinois,USA,2022-08-06
789,Thomas,Young,Male,thomas.young@gmail.com,0048240877,Heatherborough,Indiana,USA,2021-10-02
790,Alan,Thompson,Female,alan.thompson@gmail.com,9715492294,South Timothy,Oregon,USA,2023-12-27
791,David,Williams,Male,david.williams@gmail.com,4725006279,North John,West Virginia,USA,2022-07-20
792,Melinda,Cortez,Male,melinda.cortez@gmail.com,7040145963,New Kristin,Colorado,USA,2022-04-24
793,Sheena,Berry,Male,sheena.berry@gmail.com,6413688383,West Zacharyhaven,Illinois,USA,2025-07-03
794,Brianna,Gill,Female,brianna.gill@gmail.com,1083259448,Cohenmouth,California,USA,2022-06-17
795,Hannah,Kelley,Male,hannah.kelley@gmail.com,6286292576,Beckershire,Hawaii,USA,2026-05-08
796,Claudia,Edwards,Male,claudia.edwards@gmail.com,9941348891,Kirbyville,Maine,USA,2021-06-22
797,Christopher,Pope,Female,christopher.pope@gmail.com,1618945188,East Miketon,Nevada,USA,2026-02-25
798,Christine,Gonzales,Male,christine.gonzales@gmail.com,3070545424,Jonesbury,Massachusetts,USA,2025-10-15
799,Caleb,Le,Female,caleb.le@gmail.com,7337459730,New Thomas,Alabama,USA,2023-05-05
800,Kathy,Rodriguez,Female,kathy.rodriguez@gmail.com,1941521011,Millermouth,South Dakota,USA,2024-05-17
801,April,Wood,Male,april.wood@gmail.com,2991187093,Robertsonview,Rhode Island,USA,2023-06-20
802,Diana,Waters,Female,diana.waters@gmail.com,3594443232,Lake Aprilberg,Utah,USA,2025-09-24
803,Brian,Wells,Male,brian.wells@gmail.com,1946830412,Lisafurt,Illinois,USA,2021-07-01
804,Brandy,Arroyo,Female,brandy.arroyo@gmail.com,6942377232,East Shannon,Nevada,USA,2024-04-17
805,Jerry,Gomez,Female,jerry.gomez@gmail.com,0801840695,East Kristin,Ohio,USA,2022-03-10
806,Nancy,Barnett,Female,nancy.barnett@gmail.com,4102998573,Hillview,Iowa,USA,2024-10-27
807,Joseph,Perez,Female,joseph.perez@gmail.com,9107393940,East Beverly,Minnesota,USA,2022-03-30
808,Jessica,Harper,Female,jessica.harper@gmail.com,7701417242,Campbellside,Rhode Island,USA,2022-11-28
809,Jack,Mcmahon,Male,jack.mcmahon@gmail.com,9336789297,Cruzland,Colorado,USA,2025-11-21
810,Beth,Graham,Male,beth.graham@gmail.com,1348674144,North Lindsay,Tennessee,USA,2026-01-12
811,Tanya,Rangel,Male,tanya.rangel@gmail.com,4403211842,Alisonview,Maine,USA,2025-02-21
812,William,Brown,Male,william.brown@gmail.com,3168519958,Jamesport,Texas,USA,2025-01-27
813,Christine,Hamilton,Male,christine.hamilton@gmail.com,6365465377,Tiffanyberg,Hawaii,USA,2024-06-22
814,Kimberly,Mckinney,Female,kimberly.mckinney@gmail.com,7434218279,Lake Theresachester,Wyoming,USA,2025-11-19
815,Monique,Foster,Male,monique.foster@gmail.com,0039803406,Lake Grace,Michigan,USA,2025-04-11
816,Samuel,Patton,Male,samuel.patton@gmail.com,0028822593,North Jonathan,Mississippi,USA,2026-04-05
817,Cynthia,Johnson,Female,cynthia.johnson@gmail.com,7900893920,Nancybury,Virginia,USA,2024-08-24
818,Alexis,Watts,Female,alexis.watts@gmail.com,2108378118,East Brian,Delaware,USA,2025-07-08
819,Matthew,Mccullough,Female,matthew.mccullough@gmail.com,6935483285,South John,Florida,USA,2021-11-14
820,Teresa,Little,Female,teresa.little@gmail.com,2196308194,Lake Nicole,Oklahoma,USA,2025-10-10
821,Elizabeth,Frye,Female,elizabeth.frye@gmail.com,3190803047,Scottchester,Alaska,USA,2024-07-29
822,Stephen,Gonzalez,Female,stephen.gonzalez@gmail.com,7224575861,Christinafurt,Kansas,USA,2024-05-09
823,Jonathan,Rogers,Female,jonathan.rogers@gmail.com,1822457466,Davidchester,Nebraska,USA,2025-12-22
824,Brandon,Hall,Female,brandon.hall@gmail.com,2999486640,Marytown,Utah,USA,2023-12-27
825,Felicia,Johnson,Female,felicia.johnson@gmail.com,9418881200,North Bryan,Rhode Island,USA,2021-06-20
826,Kevin,Taylor,Male,kevin.taylor@gmail.com,8691134020,Briannashire,Mississippi,USA,2024-03-11
827,Douglas,Rios,Female,douglas.rios@gmail.com,4138878551,Fosterstad,Alabama,USA,2025-03-02
828,Samuel,Ibarra,Female,samuel.ibarra@gmail.com,3129807700,New Glenn,Idaho,USA,2024-06-13
829,Angela,Carroll,Male,angela.carroll@gmail.com,6245657296,Bensonview,Colorado,USA,2022-07-12
830,Jonathan,Holloway,Female,jonathan.holloway@gmail.com,6138145694,Bridgetbury,Arkansas,USA,2022-11-27
831,Caitlyn,Dickson,Male,caitlyn.dickson@gmail.com,3188781749,Petersenberg,Washington,USA,2024-10-31
832,Stacey,Vazquez,Male,stacey.vazquez@gmail.com,8961063820,Reyesmouth,Nevada,USA,2023-12-27
833,Harold,White,Female,harold.white@gmail.com,9462006324,Chandlerview,South Dakota,USA,2021-11-05
834,Joseph,Oneill,Female,joseph.oneill@gmail.com,0121796085,Port Justinshire,Michigan,USA,2023-01-03
835,Brent,Rodriguez,Female,brent.rodriguez@gmail.com,4747450842,West Beverly,Oklahoma,USA,2025-09-10
836,Jeffery,Johnson,Male,jeffery.johnson@gmail.com,0164311172,Charlesfort,Utah,USA,2023-11-19
837,Steven,Haynes,Female,steven.haynes@gmail.com,5741296284,North Davidshire,North Carolina,USA,2025-01-23
838,Tammy,Nicholson,Male,tammy.nicholson@gmail.com,9065045280,Andrewchester,Georgia,USA,2026-02-10
839,Brett,Martinez,Female,brett.martinez@gmail.com,7591120699,East Marcus,North Dakota,USA,2024-03-27
840,Reginald,Thomas,Female,reginald.thomas@gmail.com,4451071134,Stuartchester,South Dakota,USA,2022-08-25
841,Raymond,Stout,Female,raymond.stout@gmail.com,5848700677,Port Paula,California,USA,2025-10-08
842,Michelle,Floyd,Male,michelle.floyd@gmail.com,0490025114,North Lisa,Alaska,USA,2023-08-15
843,Dawn,Palmer,Male,dawn.palmer@gmail.com,6560492034,New Vincentborough,Idaho,USA,2024-07-31
844,Dylan,Collins,Female,dylan.collins@gmail.com,5140692332,Justinshire,Nebraska,USA,2023-11-07
845,Erica,Hurley,Male,erica.hurley@gmail.com,3767480118,Fitzpatrickhaven,North Carolina,USA,2022-01-19
846,Brooke,Smith,Male,brooke.smith@gmail.com,5379807248,West Rachel,Michigan,USA,2022-12-13
847,Adam,Robinson,Female,adam.robinson@gmail.com,0058922338,Davenportport,Oregon,USA,2023-09-27
848,Kimberly,Johnson,Male,kimberly.johnson@gmail.com,2509712393,New Deborahfort,Massachusetts,USA,2022-10-29
849,Edward,Johnson,Male,edward.johnson@gmail.com,8182464892,Danielston,Tennessee,USA,2026-03-09
850,Lisa,Cunningham,Female,lisa.cunningham@gmail.com,5103541886,North Amanda,Michigan,USA,2021-08-26
851,Stephen,Davidson,Male,stephen.davidson@gmail.com,3702436211,Woodsside,Colorado,USA,2021-10-09
852,Megan,Bass,Male,megan.bass@gmail.com,5861614876,Joshuaville,Delaware,USA,2022-02-12
853,Rebecca,Carrillo,Female,rebecca.carrillo@gmail.com,8685627759,Gonzalesstad,Kentucky,USA,2021-06-15
854,Keith,Oliver,Male,keith.oliver@gmail.com,3019078313,North Emilyshire,South Dakota,USA,2025-03-27
855,Andre,Espinoza,Female,andre.espinoza@gmail.com,9210312939,New Ryan,Massachusetts,USA,2021-09-07
856,Timothy,Davis,Female,timothy.davis@gmail.com,6949625739,East Brandiside,Minnesota,USA,2024-12-06
857,Derek,Simpson,Male,derek.simpson@gmail.com,8779004176,Clarkhaven,Tennessee,USA,2024-03-21
858,Christopher,Shaw,Male,christopher.shaw@gmail.com,9779574151,Elliottmouth,Alabama,USA,2022-07-12
859,Thomas,Reid,Male,thomas.reid@gmail.com,2661054145,Davisberg,Montana,USA,2021-10-27
860,Pamela,Thomas,Male,pamela.thomas@gmail.com,0310313566,Baileyside,Texas,USA,2021-07-24
861,Erin,Hodges,Female,erin.hodges@gmail.com,5278823313,South Ashley,New Hampshire,USA,2023-08-05
862,Martha,Grant,Male,martha.grant@gmail.com,0022401620,Jamesborough,Alabama,USA,2022-04-13
863,Jeffrey,Williams,Male,jeffrey.williams@gmail.com,2675979311,East Rickyside,Arizona,USA,2026-02-11
864,Todd,Silva,Female,todd.silva@gmail.com,7249095615,New Jessehaven,Illinois,USA,2025-04-25
865,Kara,Jones,Female,kara.jones@gmail.com,5045567895,Lauraton,Maine,USA,2024-09-14
866,Gloria,Hawkins,Female,gloria.hawkins@gmail.com,8076187529,Mooreland,Kentucky,USA,2023-05-28
867,Gregory,Snyder,Male,gregory.snyder@gmail.com,0160634617,Port Kelseyton,Utah,USA,2021-12-10
868,Kristin,Harris,Male,kristin.harris@gmail.com,7611694657,Lake Roy,Colorado,USA,2022-08-14
869,Julie,Rodriguez,Female,julie.rodriguez@gmail.com,5973963895,North Kevin,New Jersey,USA,2025-12-11
870,Amanda,Travis,Male,amanda.travis@gmail.com,1303415997,Burnsville,Utah,USA,2022-11-17
871,Stephanie,Bradford,Female,stephanie.bradford@gmail.com,5552795284,New Lance,Wyoming,USA,2026-03-11
872,Charles,Wilson,Male,charles.wilson@gmail.com,7882596016,South Jenniferbury,Arizona,USA,2024-06-20
873,Bruce,Brown,Female,bruce.brown@gmail.com,5613712488,South Victor,Wisconsin,USA,2021-07-27
874,Theresa,Davidson,Female,theresa.davidson@gmail.com,8932052359,New Tina,Indiana,USA,2023-12-21
875,Jorge,Sawyer,Male,jorge.sawyer@gmail.com,6684285751,Patriciaberg,Montana,USA,2023-01-05
876,Lindsey,Moore,Male,lindsey.moore@gmail.com,8500685476,West Angelica,Georgia,USA,2025-12-11
877,Peter,Miller,Female,peter.miller@gmail.com,6093241783,Port Katherine,Arizona,USA,2022-01-29
878,Alexandra,Mccoy,Female,alexandra.mccoy@gmail.com,9107090162,Cindyhaven,Arizona,USA,2023-11-14
879,Kevin,Barnes,Male,kevin.barnes@gmail.com,2654936433,Jimmychester,North Carolina,USA,2025-01-28
880,Luis,Walker,Female,luis.walker@gmail.com,3041147763,Richardsmouth,Louisiana,USA,2025-09-15
881,Donna,Potts,Female,donna.potts@gmail.com,2541509595,Heatherside,Oklahoma,USA,2024-09-15
882,Susan,Wilson,Male,susan.wilson@gmail.com,5736928472,Oliviaborough,Nevada,USA,2025-05-01
883,Barbara,Anderson,Female,barbara.anderson@gmail.com,6137122515,Perryfort,New York,USA,2022-09-06
884,Joann,Morton,Female,joann.morton@gmail.com,9415038032,North Evelyn,Arizona,USA,2024-02-27
885,Megan,Madden,Female,megan.madden@gmail.com,6629904292,Port Cynthialand,Washington,USA,2022-06-04
886,Michele,Odonnell,Female,michele.odonnell@gmail.com,2135012524,South Justin,Florida,USA,2023-01-23
887,Kelly,Ruiz,Male,kelly.ruiz@gmail.com,8394284389,Ivanton,Michigan,USA,2021-12-26
888,Donna,Miller,Male,donna.miller@gmail.com,8581034701,East Tracey,Vermont,USA,2025-12-19
889,Corey,Wood,Male,corey.wood@gmail.com,8084593547,Port Andrea,New Hampshire,USA,2022-05-07
890,Andrew,Ramirez,Male,andrew.ramirez@gmail.com,4776110462,Michaelview,Rhode Island,USA,2025-10-25
891,Brian,Medina,Male,brian.medina@gmail.com,6775601900,South Scottville,Georgia,USA,2024-02-14
892,Manuel,Keller,Male,manuel.keller@gmail.com,9080149152,Davenportville,New Jersey,USA,2022-06-01
893,Timothy,Martin,Male,timothy.martin@gmail.com,2098938520,Elliottland,Ohio,USA,2024-05-27
894,Pamela,Rogers,Male,pamela.rogers@gmail.com,9540766226,Christopherberg,Montana,USA,2025-12-03
895,Isaac,Smith,Male,isaac.smith@gmail.com,4043498100,Johnsonchester,Georgia,USA,2024-04-05
896,Monica,Reyes,Male,monica.reyes@gmail.com,7461902874,Millsmouth,Alaska,USA,2026-02-12
897,Adam,Chase,Female,adam.chase@gmail.com,4789860537,East Heatherton,Texas,USA,2023-10-26
898,Christopher,Long,Female,christopher.long@gmail.com,5739346701,Port Christian,Colorado,USA,2023-08-04
899,Mark,James,Male,mark.james@gmail.com,7291139023,Lake Brandiborough,Texas,USA,2025-10-01
900,Kerry,Luna,Female,kerry.luna@gmail.com,1665274414,Ortizberg,Wisconsin,USA,2025-03-15
901,Jesus,Hunter,Male,jesus.hunter@gmail.com,6258810511,Lake Matthew,Pennsylvania,USA,2022-01-20
902,Stephanie,Walton,Male,stephanie.walton@gmail.com,1750019278,Clarkshire,Iowa,USA,2024-12-21
903,Alicia,Gutierrez,Female,alicia.gutierrez@gmail.com,3032919774,Cohenshire,Kentucky,USA,2021-09-22
904,Samuel,Carey,Female,samuel.carey@gmail.com,6955492430,New Andrew,Wyoming,USA,2021-12-31
905,Brian,Juarez,Male,brian.juarez@gmail.com,9677634803,Brennanmouth,Colorado,USA,2026-03-14
906,Patricia,May,Male,patricia.may@gmail.com,5620140864,Kevinport,Delaware,USA,2022-07-24
907,Melissa,Montgomery,Male,melissa.montgomery@gmail.com,0386617548,Barbaramouth,Utah,USA,2024-04-28
908,Terri,Allen,Male,terri.allen@gmail.com,1891738694,West Paul,Vermont,USA,2023-06-03
909,Sherry,Holland,Male,sherry.holland@gmail.com,9108481445,West Andre,Colorado,USA,2024-11-10
910,Dustin,Ross,Male,dustin.ross@gmail.com,5340586944,Morrisfort,Nevada,USA,2023-01-02
911,Connor,Bowen,Female,connor.bowen@gmail.com,7510581362,Cherylton,Delaware,USA,2021-08-27
912,Heather,Kirk,Male,heather.kirk@gmail.com,7766649092,Victoriabury,New York,USA,2024-06-06
913,Cindy,Haynes,Female,cindy.haynes@gmail.com,5473010304,Wolfebury,Mississippi,USA,2025-06-18
914,Antonio,Duffy,Male,antonio.duffy@gmail.com,4574610780,Smithville,Kentucky,USA,2026-01-14
915,Richard,Hunter,Male,richard.hunter@gmail.com,1630103353,Melindafort,Nevada,USA,2024-01-16
916,Rose,Anderson,Female,rose.anderson@gmail.com,6805541504,Davidhaven,Nebraska,USA,2025-11-20
917,Douglas,Murphy,Female,douglas.murphy@gmail.com,6208210698,Danielleborough,Utah,USA,2023-08-17
918,Matthew,Francis,Female,matthew.francis@gmail.com,3285158225,Port Vincentton,Arizona,USA,2024-03-11
919,Grant,Miller,Male,grant.miller@gmail.com,8749077241,Port Jaime,Minnesota,USA,2024-04-05
920,Evan,Daugherty,Female,evan.daugherty@gmail.com,3797313061,Port Lisashire,West Virginia,USA,2021-12-29
921,Robert,Newton,Female,robert.newton@gmail.com,6788142131,Ryanside,Nebraska,USA,2024-07-30
922,Eric,Fischer,Male,eric.fischer@gmail.com,0331329867,East Yolanda,Minnesota,USA,2025-07-05
923,Philip,Lewis,Female,philip.lewis@gmail.com,0578086329,West Patricia,Kentucky,USA,2023-05-14
924,Ashley,Wilson,Female,ashley.wilson@gmail.com,6300813274,Taraland,Maryland,USA,2025-05-10
925,Alyssa,Hampton,Female,alyssa.hampton@gmail.com,9065527592,Boyermouth,Minnesota,USA,2025-12-13
926,Antonio,Ruiz,Male,antonio.ruiz@gmail.com,0166420277,Staceyside,New Hampshire,USA,2025-02-17
927,Jonathan,Walker,Male,jonathan.walker@gmail.com,8041403278,West Michael,Kentucky,USA,2023-08-30
928,Tracy,Waters,Female,tracy.waters@gmail.com,3384154233,Kennethhaven,North Carolina,USA,2023-08-13
929,Yvonne,Brown,Female,yvonne.brown@gmail.com,4552589426,Harrischester,Connecticut,USA,2024-02-28
930,Jeff,Watson,Female,jeff.watson@gmail.com,5788379654,East Aprilport,South Dakota,USA,2024-03-17
931,Tammy,Ho,Female,tammy.ho@gmail.com,6670991100,Port Tiffany,Michigan,USA,2024-08-27
932,Christopher,Flynn,Male,christopher.flynn@gmail.com,9627421319,Brendaside,Florida,USA,2023-08-28
933,Michael,Davis,Female,michael.davis@gmail.com,8913977113,North Todd,Kansas,USA,2023-06-11
934,Mario,Chambers,Female,mario.chambers@gmail.com,4946545231,Josephshire,Nebraska,USA,2021-10-11
935,Heather,Hernandez,Male,heather.hernandez@gmail.com,7105223357,Perkinshaven,Tennessee,USA,2023-12-17
936,Timothy,Meyer,Female,timothy.meyer@gmail.com,0197799125,Port Douglaschester,Virginia,USA,2024-04-15
937,Matthew,Tucker,Female,matthew.tucker@gmail.com,3829886125,North Susanstad,Ohio,USA,2024-04-03
938,Richard,Gill,Male,richard.gill@gmail.com,9131223670,Jasonhaven,Ohio,USA,2021-11-09
939,Levi,Cook,Male,levi.cook@gmail.com,1649063926,New Kimberly,North Carolina,USA,2021-09-15
940,Misty,Nunez,Female,misty.nunez@gmail.com,7642729484,East Jeremyview,Illinois,USA,2024-11-07
941,Melissa,Smith,Female,melissa.smith@gmail.com,2596538683,Guerrashire,California,USA,2025-08-28
942,Kenneth,White,Male,kenneth.white@gmail.com,4129326220,Mitchellfurt,Arkansas,USA,2022-07-02
943,Judy,Hall,Female,judy.hall@gmail.com,8056221219,New Tammyport,Kentucky,USA,2022-04-21
944,Angela,Edwards,Male,angela.edwards@gmail.com,9584253207,Millermouth,Massachusetts,USA,2026-04-16
945,Bethany,Brown,Female,bethany.brown@gmail.com,0315541905,North Jessicaville,Mississippi,USA,2024-01-07
946,Kevin,Walker,Male,kevin.walker@gmail.com,6063271163,East Gregory,Utah,USA,2025-08-28
947,Donna,Leonard,Female,donna.leonard@gmail.com,0874813206,Robertburgh,Arizona,USA,2025-02-26
948,Chris,Chapman,Female,chris.chapman@gmail.com,4110438711,Walshfurt,Kentucky,USA,2022-08-01
949,Joseph,Farmer,Male,joseph.farmer@gmail.com,2890626642,Hawkinstown,Utah,USA,2022-01-05
950,Jonathan,Phillips,Female,jonathan.phillips@gmail.com,8295783120,West Cheyenne,Oklahoma,USA,2025-02-04
951,Jennifer,Schultz,Female,jennifer.schultz@gmail.com,1499780731,New Madelineburgh,Montana,USA,2022-11-17
952,Larry,Garrett,Male,larry.garrett@gmail.com,8325565460,North Charlesborough,Nevada,USA,2024-01-29
953,Erica,Thompson,Male,erica.thompson@gmail.com,1391457827,South Gregory,Maine,USA,2026-04-29
954,Maria,Bailey,Female,maria.bailey@gmail.com,7027706065,North Russellfurt,Maryland,USA,2023-03-18
955,Jamie,Roy,Male,jamie.roy@gmail.com,4272211789,Graymouth,Alaska,USA,2023-11-10
956,Carl,Rodriguez,Female,carl.rodriguez@gmail.com,1612112614,New Andrew,New Mexico,USA,2024-10-11
957,Larry,Massey,Male,larry.massey@gmail.com,5420905506,New Scott,Montana,USA,2025-11-18
958,Christian,Parker,Male,christian.parker@gmail.com,1920249733,North Sheena,Mississippi,USA,2022-05-08
959,Jacob,Long,Male,jacob.long@gmail.com,9796701102,Port Victoria,New York,USA,2022-03-18
960,Erica,Nguyen,Female,erica.nguyen@gmail.com,8182226765,Robertston,Missouri,USA,2024-10-20
961,Ian,Ingram,Female,ian.ingram@gmail.com,7925450870,East Christopher,Iowa,USA,2023-01-17
962,Andrew,Johnston,Female,andrew.johnston@gmail.com,9056925972,New Stephaniefort,Hawaii,USA,2023-05-28
963,David,Hudson,Female,david.hudson@gmail.com,6619411282,North Beverlyton,Delaware,USA,2022-11-25
964,Sarah,Wilson,Male,sarah.wilson@gmail.com,6249923693,Michaeltown,Pennsylvania,USA,2023-06-16
965,Haley,Jones,Female,haley.jones@gmail.com,9267319591,Phillipschester,Montana,USA,2024-12-15
966,Steven,Figueroa,Female,steven.figueroa@gmail.com,7966994157,West Paigeside,Wisconsin,USA,2024-06-25
967,Nicholas,Turner,Female,nicholas.turner@gmail.com,9845925316,Cowanberg,Minnesota,USA,2025-10-29
968,Tyler,Martin,Male,tyler.martin@gmail.com,1969682522,Derekfurt,Kansas,USA,2022-11-06
969,Steven,Wright,Male,steven.wright@gmail.com,8427532113,New Ryanburgh,North Dakota,USA,2025-08-02
970,Lisa,White,Male,lisa.white@gmail.com,7290439780,Raymondbury,Montana,USA,2023-11-27
971,Herbert,Thomas,Female,herbert.thomas@gmail.com,6873870524,North Michael,Arizona,USA,2024-01-02
972,Carla,Butler,Male,carla.butler@gmail.com,8248992140,Reyesmouth,Nevada,USA,2022-02-04
973,Jason,Weaver,Male,jason.weaver@gmail.com,0562818164,Johnside,Arkansas,USA,2024-12-15
974,Larry,Jackson,Female,larry.jackson@gmail.com,8606825637,West Christinaton,Ohio,USA,2025-01-05
975,Tony,Vega,Female,tony.vega@gmail.com,7861487053,East Jimmyland,Alaska,USA,2023-03-20
976,Melanie,Leonard,Male,melanie.leonard@gmail.com,3650023584,Walshbury,Pennsylvania,USA,2025-01-19
977,Jacob,Perkins,Female,jacob.perkins@gmail.com,0551052686,South Melissafort,North Carolina,USA,2025-09-10
978,Denise,Steele,Male,denise.steele@gmail.com,3019001862,Camposburgh,Texas,USA,2023-08-26
979,Aaron,Bates,Female,aaron.bates@gmail.com,3258356654,North Michelle,Michigan,USA,2025-01-19
980,Kathleen,Andrews,Female,kathleen.andrews@gmail.com,5956412680,East Deborah,Oregon,USA,2026-01-12
981,Michael,Romero,Male,michael.romero@gmail.com,6360728566,South Jacobview,Massachusetts,USA,2022-09-29
982,Elizabeth,Sawyer,Male,elizabeth.sawyer@gmail.com,4560356212,Lake Paul,Idaho,USA,2024-07-05
983,Juan,Novak,Female,juan.novak@gmail.com,7707697596,Lake Stephenchester,Tennessee,USA,2025-06-03
984,Rachel,Brown,Female,rachel.brown@gmail.com,9371008940,Johnsonton,Kentucky,USA,2023-01-13
985,Sandra,Gates,Male,sandra.gates@gmail.com,7664719867,Stevenfort,Arizona,USA,2022-06-18
986,Alexandra,Anderson,Female,alexandra.anderson@gmail.com,8604265612,West Joseph,Colorado,USA,2024-04-19
987,Jeremy,Petersen,Male,jeremy.petersen@gmail.com,2830305694,Jamieshire,North Dakota,USA,2025-09-15
988,Phillip,Duffy,Male,phillip.duffy@gmail.com,5510324009,Hannahton,Pennsylvania,USA,2025-12-10
989,Steven,Horton,Female,steven.horton@gmail.com,2300755343,Jenningsport,Alabama,USA,2023-09-13
990,Shelly,Clark,Male,shelly.clark@gmail.com,9468208685,New Jennifer,Utah,USA,2024-07-07
991,Amy,Ortiz,Male,amy.ortiz@gmail.com,5365755411,Katiebury,Minnesota,USA,2024-10-23
992,Justin,Jackson,Male,justin.jackson@gmail.com,0320553642,Johnstonberg,Massachusetts,USA,2024-03-20
993,Michael,Harris,Male,michael.harris@gmail.com,9934893510,Kevintown,Washington,USA,2022-12-03
994,Timothy,Hall,Female,timothy.hall@gmail.com,6950824898,Randybury,Rhode Island,USA,2022-06-21
995,Reginald,Lucas,Male,reginald.lucas@gmail.com,3215009493,Quinnberg,Delaware,USA,2025-05-27
996,Frank,Burnett,Male,frank.burnett@gmail.com,5906271605,Fieldsland,New York,USA,2021-12-30
997,Donald,Cook,Male,donald.cook@gmail.com,6178529492,Victoriaside,Connecticut,USA,2023-08-09
998,Samantha,Cardenas,Male,samantha.cardenas@gmail.com,2733540867,Bensonshire,Florida,USA,2024-07-14
999,Joy,Brown,Male,joy.brown@gmail.com,1218398776,New Annaton,Colorado,USA,2024-08-28
1000,Michelle,Thomas,Female,michelle.thomas@gmail.com,0582768733,Sydneyport,California,USA,2023-07-05
